id,start_frame,end_frame_exclusive,start_s,end_s,duration_s,category,visual,voiceover_cue,purpose,flow_to_next,incoming_transition,transition_core_frames,motilli_mapping,representative_frame
R01,0,108,0.0,4.32,4.32,SCIENCE,Colon cutaway with remedy bottles trapped inside,"On a GLP-1, the harder you push your gut with laxatives, the more stuck you get.",Opening paradox; familiar packages make the problem recognizable. Slow pullback holds one visual through the complete hook.,The color anatomy switches to monochrome pills and red caption backing at the trap line.,opening,,HA1/HA2 or HB1/HB2,12
R02,108,150,4.32,6.0,1.68,OBJECT,Monochrome hand holding pills,Here's the trap no one warns you about.,Concrete remedy overload; red-backed short captions change the visual language after the green hook.,A hard cut returns to a full-body explanatory map when GLP-1 slowdown is named.,horizontal whip / blur,"[107, 113]",S03,120
R03,150,195,6.0,7.8,1.8,SCIENCE,Transparent seated figure with glowing digestive tract,"Your GLP-1 slows your gut down,",Locate the digestive system while the narrator names the slowdown; glow and gradual enlargement provide motion.,The next shot translates the internal problem into reaching for a laxative.,hard cut,,S04/S05,162
R04,195,250,7.8,10.0,2.2,PEOPLE,Woman on toilet reaches for MiraLAX bottle,so you reach for a laxative to force things through.,Literal reach-for-a-laxative action on the matching words.,"A new scale shot lands on temporary success, then a blur reverses that apparent relief.",hard cut,,S06,207
R05,250,285,10.0,11.4,1.4,PEOPLE,Woman standing on bathroom scale,"It works for a day,",Brief outcome insert under temporary relief; the scale is an association rather than a literal demonstration of bowel relief.,The whip into the mirror punctuates the reversal at the adaptation line.,hard cut,,"S11; use time/colon illustration, not scale",262
R06,285,319,11.4,12.76,1.36,PEOPLE,Woman films her abdomen in bathroom mirror,but your gut adapts fast.,Distress returns; mirror viewpoint makes the problem feel private and familiar.,Another abdomen view maintains subject and central framing across a straight cut.,horizontal whip / blur,"[284, 290]",S12,297
R07,319,358,12.76,14.32,1.56,PEOPLE,Woman holds her abdomen in doorway,"It starts leaning on that push,",Physical sensation stands in for relying on the laxative push.,Head-in-hands bathroom shot escalates from discomfort to frustration.,hard cut,,S12/S13,331
R08,358,401,14.32,16.04,1.72,PEOPLE,Seated woman with head in hands,"and its own natural rhythm gets weaker,",Human consequence under the weakened-rhythm claim; a tightening crop heightens intensity.,Shorter remedy shots accelerate the escalation.,hard cut,,S14 reframe; keep explanation anatomical,370
R09,401,422,16.04,16.88,0.84,PEOPLE,Woman reads Metamucil container at counter,so you need more,One brief shot for needing more; product dominates the foreground.,Cut to a larger pile of remedies at the repeated escalation.,hard cut,,S06 named-remedy crops,413
R10,422,455,16.88,18.2,1.32,PEOPLE,Woman lies in bed surrounded by remedies,"and more. Meanwhile,",Escalate from one remedy to an accumulating routine; dark lighting reinforces exhaustion.,Fiber narration begins before the image switches to the colon: a short voiceover lead.,hard cut,,S06/S12,434
R11,455,536,18.2,21.44,3.24,SCIENCE,Colon cross-section with many firm masses,"the fiber you're piling in just adds bulk to a gut that already can't move it,",Hold the mechanism explanation long enough to see bulk and limited movement.,Brief blur converts the internal cause into the visible bloating consequence.,hard cut,,S05/S10/S12,467
R12,536,569,21.44,22.76,1.32,PEOPLE,Woman inspects bloated abdomen in mirror,so you're more bloated too.,Literal symptom consequence after the anatomy explanation.,Hard cut to a closer face-and-pen shot introduces reassurance about the medication.,horizontal whip / blur,"[535, 541]",S13 anatomy symptom close-up,548
R13,569,626,22.76,25.04,2.28,PEOPLE,Close face with Wegovy pen held near it,"It's not that your body is broken, and it's not the shot.",Reassurance beat: the body and medication are named together. The depicted pen handling is not a direction to replicate.,Anatomy returns for the restated paradox.,hard cut,,S14/S15 capped pen,581
R14,626,660,25.04,26.4,1.36,SCIENCE,"Side-view transparent torso, close framing","It's that the harder you force it,",Connect the phrase about forcing with internal digestive anatomy.,A hard cut to a wider anatomy view adds a second emphasis within one sentence.,hard cut,,S16,638
R15,660,687,26.4,27.48,1.08,SCIENCE,Wider side-view anatomy with distended abdomen,the more stuck you get.,Second half of the paradox; wider view changes scale while preserving the subject.,The circular toilet action supplies a visual metaphor for the loop.,hard cut,,"S16 alternate crop, no body-size change",672
R16,687,706,27.48,28.24,0.76,OBJECT,Top-down swirling toilet bowl,That's the loop.,Very short visual punctuation: the loop is represented by circular water motion.,Blur sweeps into the first bright product reveal on the brand name.,hard cut,,S19 pivot; no extra loop line in Motilli copy,699
R17,706,756,28.24,30.24,2.0,PRODUCT,Angled GLP-1 SOS bottle and capsules on bright white,GLP-1 SOS breaks the loop,First standalone product reveal; brighter field resets the scene after the problem sequence.,Hard cut from the bottle to an internal demonstration explains the proposed job.,horizontal whip / blur,"[705, 711]","S27, after our three ingredients",718
R18,756,815,30.24,32.6,2.36,SCIENCE,"Animated capsule in colon, contents begin moving",by working with your slowed gut instead of forcing it.,"A direct product-to-mechanism demonstration. Its exaggerated treatment imagery is source rhetoric, not evidence.",Hard cut to water movement when magnesium is introduced.,hard cut,,S21/S23 concept; no capsule inside organs,768
R19,815,860,32.6,34.4,1.8,SCIENCE,Anatomical cutaway with moving water particles,Magnesium gently draws water,Names an ingredient and immediately pictures its purported action.,Blur hands the explanation to a smiling human payoff.,hard cut,,S22/S23 soluble fiber,827
R20,860,911,34.4,36.44,2.04,PEOPLE,Woman in cream robe looks relieved in bathroom,"in, so things soften and move on their own.",Benefit consequence following the water explanation; bright light and relaxed gesture soften the tone.,Two fast reassurance inserts punctuate the short negatives.,horizontal whip / blur,"[859, 865]",S31 then S32,872
R21,911,935,36.44,37.4,0.96,PEOPLE,Smiling woman gestures thumbs-up beside toilet,"Nothing to force,",One short reassurance unit for nothing to force.,Hard cut on the next parallel phrase keeps the cadence crisp.,hard cut,,Use only our script-matched S32–S35,923
R22,935,961,37.4,38.44,1.04,PEOPLE,Woman in green hoodie reacts to her abdomen,nothing to get hooked on.,Second short reassurance unit; different pose refreshes the picture.,Real ginger enters exactly when the next ingredient is named.,hard cut,,S32–S35 rhythm only,947
R23,961,1008,38.44,40.32,1.88,INGREDIENT,Handheld ginger root macro,"Ginger helps your stomach actually empty,",Tactile real-world ingredient before anatomy; a small hand/camera move maintains energy.,Blur into the digestive illustration bridges ingredient to its proposed action.,hard cut,,S20 celery / S25 chlorophyllin,973
R24,1008,1048,40.32,41.92,1.6,SCIENCE,Digestive cutaway with moving yellow contents,"so food doesn't sit and ferment,",Picture the stomach/food language while the contents move; explanation stays concrete.,Hard cut to nutrient imagery starts the next ingredient function.,horizontal whip / blur,"[1007, 1013]",S21 or S26; use Motilli-specific visuals,1020
R25,1048,1130,41.92,45.2,3.28,SCIENCE,"Transparent torso with nutrient symbols, then glowing whole figure",and it replaces the B12 and iron your shot quietly drains.,"One continuous changing CGI shot: camera approaches organs, glow spreads, view widens. Do not count each glow or camera move as a cut.",A person holding the bottle makes the daily-use statement tangible.,hard cut,,S29 neutral torso; no vitamin/iron claims copied,1060
R26,1130,1180,45.2,47.2,2.0,PEOPLE,Pink-haired woman holds bottle toward camera,"It's gentle enough to take every single day,",Daily-use line paired with the product in a hand; expressive face changes the visual texture.,Blur returns abruptly to dark problem footage for the old-remedy objection.,hard cut,,S28 product/gummy detail,1142
R27,1180,1263,47.2,50.52,3.32,PEOPLE,Woman in pain behind a row of laxatives,which matters because a shock laxative was never something you could keep doing.,Deliberate problem callback after benefits; cool darkness creates contrast.,Hard cut to warm relief at the women/regularity claim.,horizontal whip / blur,"[1179, 1185]",S30–S31 context; no return to generic reactions,1192
R28,1263,1321,50.52,52.84,2.32,PEOPLE,Woman smiling on toilet in warm bathroom,"Women say they're regular for the first time in years,",Visualizes the regularity testimony; longer hold lets the emotional result register.,Another warm portrait prolongs the relief without an elaborate transition.,hard cut,,S32/S33 imagined daily activities; no borrowed testimonial,1275
R29,1321,1385,52.84,55.4,2.56,PEOPLE,Warm close-up of older woman with hand on abdomen,"gently, every day, no cycle to escape.","Calm, relieved gesture under everyday regularity and escape from the cycle.",Monochrome sweep-away shot resets contrast for the final reframe.,hard cut,,S34/S35,1333
R30,1385,1439,55.4,57.56,2.16,OBJECT,Monochrome hand sweeps remedies off counter,"It's not a broken gut. It's the wrong tool,",Action verb becomes a picture: reject the wrong tool; echoes monochrome pills near the opening.,White counter and product shape bridge naturally to a capped GLP-1 pen.,hard cut,,S14 reframe; do not add discarded-medication message,1397
R31,1439,1495,57.56,59.8,2.24,OBJECT,Ozempic pen on counter with camera push-in,and you don't have to quit your shot to feel normal again.,Literal medication object under continuing the shot; the push-in prevents an inert hold.,Hard cut returns to the supplement for the CTA.,hard cut,,S36,1451
R32,1495,1542,59.8,61.68,1.88,PRODUCT,Bottle placed upright; guarantee seal appears,"GLP-1 SOS,","Brand lands, seal pops/scales up, and the camera tightens. The badge begins before the spoken guarantee.","Blur shifts to a clean locked end card, preserving bottle-centered composition.",hard cut,,S37 product + native CapCut guarantee graphic,1507
R33,1542,1651,61.68,66.04,4.36,PRODUCT,"Centered bottle, capsules, logo, headline and website",sixty-day money back guarantee. Tap below.,Dedicated end-card composition holds through offer and tap instruction; little competing movement.,Hold to the end; no new distracting shot.,horizontal whip / blur,"[1541, 1547]",S37 clean CTA hold,1554
