153	6995e0d4-e860-4bdb-b976-4978aa9604ef	153.png	downloaded
161	940eb4f7-985b-4b8f-ada4-947a60083479	161.png	downloaded
162	ef1d7ee8-322b-44fd-93ff-220c552ac08b	162.png	downloaded
163	ef84bae4-6213-4aff-a5e8-5f2a94ad4f67	163.png	downloaded
221	ec0c5223-0a7a-414e-8f3a-e0b3939cdb36	221.png	downloaded
222	6d3d2610-92f5-4842-a824-f720aec59be2	222.png	downloaded
223	8e3f4b66-a4ce-4a65-aa28-a9c3f5b84788	223.png	downloaded
231	a47084e6-c41c-40af-b36a-4008afc240d8	231.png	downloaded
232	20f8db51-c37c-4352-93c9-6d80c45e833d	232.png	downloaded
233	785b6715-a6d5-440d-9c97-1121a3f79732	233.png	downloaded
251	5b625642-4cf4-499e-84e0-de3ca709814d	251.png	downloaded
252	e10aea5e-7d7d-4bed-99cc-4f411a420ff4	252.png	downloaded
253	09c3b1bd-513e-4e06-8183-567d7c411f26	253.png	downloaded
261	29c5d657-e6d6-4a72-87b9-e23b41004229	261.png	downloaded
262	f7d6b8d2-a06c-42aa-89a6-a0bbc3f93095	262.png	downloaded
263	6e592c6a-b615-46f9-9463-76b89bde5bea	263.png	downloaded
321	163a231d-7bde-4056-b372-1bc17e70519a	321.png	downloaded
322	d9b4f1ac-53a7-47be-bd68-4c6ec1892d34	322.png	downloaded
323	5801c223-8b0d-47c8-ac87-1b0005a6979f	323.png	downloaded
331	167ed87c-2fe4-4b35-a519-719a1232a629	-	failed_attempt1
332	adf80e5d-cb3a-46e5-b6e3-a2ee8e9c3447	332.png	downloaded
333	5e307973-c403-442f-b12c-40e577dbf134	333.png	downloaded
351	ac7cae46-1cf8-49fe-9122-876fb214895b	351.png	downloaded
352	bbad3e46-0762-47eb-b988-9046e06bb23d	352.png	downloaded
331	26f4b747-d2a9-436a-9ec5-f9d601ebe4eb	331.png	downloaded_retry
353	b00bfcf2-6c8f-453a-b356-9d52702869a5	353.png	downloaded
361	3e795026-043c-4dea-9908-17c39ad784f5	361.png	downloaded
362	84b339f6-c34b-4237-af90-d07a8f5341f8	362.png	downloaded
363	72b374e6-bf50-43b5-b38d-c06edf206472	363.png	downloaded
421	46af4c10-87f3-47ed-9aed-4f94dea6c757	421.png	downloaded
422	bef0b76a-5c3d-4c86-baa3-e11d54b394d0	422.png	downloaded
423	1a12c3bf-36b0-4f33-808b-f72ee1af605f	423.png	downloaded
431	b72209ee-00fd-4909-8df7-55082e8e9f2a	431.png	downloaded
432	b24adbd8-c45f-4e37-bb0b-b0f7d154a067	432.png	downloaded
433	b2e3bf8c-120e-4437-9b8f-200434faac2e	433.png	downloaded
451	3d933d6b-098b-48fa-8380-248311bd996e	451.png	downloaded
452	fd1c5e78-b4d0-4407-bbb8-4a104e69026d	452.png	downloaded
453	6ec03ab6-83d9-4ca6-840c-946372b6ab71	453.png	downloaded
461	27c4ef0f-50ad-47a7-8235-86f4aa43d405	461.png	downloaded
462	8e2a9526-b832-4008-95d7-cf36779e5bda	462.png	downloaded
463	045cc6e1-836c-4475-80af-64b993da862d	463.png	downloaded
521	f946d2bb-904b-43bb-9e66-6f6f06271ccd	521.png	downloaded
522	e193196d-d513-42b9-8a6e-f826b5546ec5	522.png	downloaded
523	8beedce3-42b3-4b61-840c-6e18ec7c547b	523.png	downloaded
531	b859167b-9be7-47ca-a7ab-3ad1c3a5c554	531.png	downloaded
532	e35f6357-f687-409a-8d67-11c206ca87d7	532.png	downloaded
533	6cc4098c-b383-40fb-ad91-78dd56608063	533.png	downloaded
551	25e5b372-ec9f-4a50-97e0-d4ecdcb83009	551.png	downloaded
552	43809f73-21e4-4818-afec-227ba5152d73	552.png	downloaded
553	6127523d-1703-44ca-aef6-449bebb20cdf	553.png	downloaded
561	a816c066-c7e6-4b1c-83a9-e01fc81f43d2	561.png	downloaded
562	2a1c5064-b91d-48c7-a593-fcfef28a8631	562.png	downloaded
563	c46e1679-4934-4032-b71a-78e90c7353bd	563.png	downloaded
601	a62d96df-dea2-459c-8a53-da69591d8a0e	601.png	downloaded
602	ee6b6045-695e-4137-b3ed-3de434765814	602.png	downloaded
603	fd2f643a-a1af-4b6c-9b72-44e22c20936b	603.png	downloaded
701	9e3ba8f5-99ac-43cb-ab30-074691f6f498	701.png	downloaded
702	89bd0eff-ce34-4cba-8ae2-5b30e82419eb	702.png	downloaded
703	e3c413e9-d2fc-4c3b-90e1-f1477230f7cd	703.png	downloaded
