start_frame,cue_paraphrase,visual_class,observed_visual_action,observed_motion,editorial_role_inference,shot_id,start_s,end_frame_exclusive,end_s,duration_s,incoming_transition,outgoing_transition,boundary_review,boundary_evidence,transcript_excerpt_asr_unverified,caption_style_observed,source_provenance_status
0,Curiosity promise: show where parasites live,mechanism+presenter,Endoscope-like camera enters pink mouth/throat; man's keyed bust bottom-left; red/yellow hook banner,Forward glide,Set destination and curiosity; commentator promises access to hidden scene,YIX-001,0.0,91,3.033,3.033,opening frame,hard cut,first source frame,dense-01.jpg opening,I'm gonna show y 'all where these parasites really be living in your body.,"Small white sans-serif with dark outline, generally near mid-frame/lower middle; phrase replacements; hook banner additionally at top until 6.4s",Finished reference only. Original human/stock/CGI origin and capture device not verified.
91,What you will see changes how you view symptoms,mechanism+presenter,New deeper pink intestinal tunnel with raised wall nodules; same keyed commentator and hook,Forward glide,Continue visual journey before revealing named antagonist,YIX-002,3.033,192,6.4,3.367,hard cut,zoom-blur transition,personally inspected source frames n-3 through n+2 at 180x320; consecutive frame evidence,boundaries-01.jpg row 1; split file boundaries-01-1.jpg,What you about to see is gonna change how you think about every single symptom you got.,"Small white sans-serif with dark outline, generally near mid-frame/lower middle; phrase replacements; hook banner additionally at top until 6.4s",Finished reference only. Original human/stock/CGI origin and capture device not verified.
192,These here are parasites,mechanism+presenter,Brown/yellow damaged-looking gut interior with worm forms; keyed commentator points,Zoom-blur entry then drifting macro view,Name the thing after first showing it; deictic cue directs attention,YIX-003,6.4,240,8.0,1.6,zoom-blur transition,hard cut,personally inspected source frames n-3 through n+2 at 180x320; consecutive frame evidence,boundaries-01.jpg row 2; split file boundaries-01-1.jpg,"These right here, parasites.","Small white sans-serif with dark outline, generally near mid-frame/lower middle; phrase replacements; hook banner additionally at top until 6.4s",Finished reference only. Original human/stock/CGI origin and capture device not verified.
240,Attached to intestinal wall,mechanism,Circular scope crop of coiled gut with elongated worms attached to wall; presenter disappears,Slow push,Give unobstructed view of location/attachment,YIX-004,8.0,288,9.6,1.6,hard cut,hard cut,personally inspected source frames n-3 through n+2 at 180x320; consecutive frame evidence,boundaries-01.jpg row 3; split file boundaries-01-1.jpg,Attached to your intestinal wall.,"Small white sans-serif with dark outline, generally near mid-frame/lower middle; phrase replacements; hook banner additionally at top until 6.4s",Finished reference only. Original human/stock/CGI origin and capture device not verified.
288,Hiding behind a biofilm shield,mechanism,Tighter circular scope wall view with bulbous yellow-coated forms,Macro drift,Make protection/barrier spatially visible,YIX-005,9.6,336,11.2,1.6,hard cut,hard cut,personally inspected source frames n-3 through n+2 at 180x320; consecutive frame evidence,boundaries-01.jpg row 4; split file boundaries-01-1.jpg,Hiding behind a biofilm shield,"Small white sans-serif with dark outline, generally near mid-frame/lower middle; phrase replacements; hook banner additionally at top until 6.4s",Finished reference only. Original human/stock/CGI origin and capture device not verified.
336,Immune system cannot see it,mechanism,Single shielded lump with floating small bright particles passing nearby,Macro drift/particle motion,Represent failed contact between immune particles and protected target,YIX-006,11.2,402,13.4,2.2,hard cut,hard cut,personally inspected source frames n-3 through n+2 at 180x320; consecutive frame evidence,boundaries-01.jpg row 5; split file boundaries-01-1.jpg,your immune system literally cannot see.,"Small white sans-serif with dark outline, generally near mid-frame/lower middle; phrase replacements; hook banner additionally at top until 6.4s",Finished reference only. Original human/stock/CGI origin and capture device not verified.
402,Fermenting food,mechanism,Pale foaming mass around worm forms on gut wall,Bubbling action,Render the named process as visible change,YIX-007,13.4,468,15.6,2.2,hard cut,hard cut,personally inspected source frames n-3 through n+2 at 180x320; consecutive frame evidence,boundaries-01.jpg row 6; split file boundaries-01-2.jpg,They be fermenting every single thing you eat,"Small white sans-serif with dark outline, generally near mid-frame/lower middle; phrase replacements; hook banner additionally at top until 6.4s",Finished reference only. Original human/stock/CGI origin and capture device not verified.
468,Pumping inflammatory waste,mechanism,Gut tunnel with green liquid running over walls,Liquid flow,Switch from agent to its proposed output,YIX-008,15.6,515,17.167,1.567,hard cut,hard cut,personally inspected source frames n-3 through n+2 at 180x320; consecutive frame evidence,boundaries-01.jpg row 7; split file boundaries-01-2.jpg,and pumping inflammatory waste,"Small white sans-serif with dark outline, generally near mid-frame/lower middle; phrase replacements; hook banner additionally at top until 6.4s",Finished reference only. Original human/stock/CGI origin and capture device not verified.
515,Back into gut,anatomical-system,External semi-transparent torso/intestinal system,Slow anatomical drift,Briefly restore whole-organ orientation after many internal macros,YIX-009,17.167,544,18.133,0.967,hard cut,hard cut,personally inspected source frames n-3 through n+2 at 180x320; consecutive frame evidence,boundaries-01.jpg row 8; split file boundaries-01-2.jpg,back into your gut.,"Small white sans-serif with dark outline, generally near mid-frame/lower middle; phrase replacements; hook banner additionally at top until 6.4s",Finished reference only. Original human/stock/CGI origin and capture device not verified.
544,Nightly bloating,human-problem,Phone-style overhead close shot of woman touching/pinching exposed abdomen while reclining,Hand action; small handheld drift,Translate invisible story into recognizable bodily discomfort,YIX-010,18.133,616,20.533,2.4,hard cut,hard cut,personally inspected source frames n-3 through n+2 at 180x320; consecutive frame evidence,boundaries-01.jpg row 9; split file boundaries-01-2.jpg,That's your bloating every single night. Period.,"Small white sans-serif with dark outline, generally near mid-frame/lower middle; phrase replacements; hook banner additionally at top until 6.4s",Finished reference only. Original human/stock/CGI origin and capture device not verified.
616,Look at these eggs,mechanism+presenter,Scope wall with translucent eggs and small worms; commentator keyed lower-left,Slow push; presenter pointing,Reset attention and introduce second antagonist/lifecycle objection,YIX-011,20.533,658,21.933,1.4,hard cut,hard cut,personally inspected source frames n-3 through n+2 at 180x320; consecutive frame evidence,boundaries-01.jpg row 10; split file boundaries-01-2.jpg,Now look at this. See those?,"Small white sans-serif with dark outline, generally near mid-frame/lower middle; phrase replacements; hook banner additionally at top until 6.4s",Finished reference only. Original human/stock/CGI origin and capture device not verified.
658,Hundreds of eggs,mechanism,Wide circular gut tunnel crowded with pale dots near lower wall,Slow forward drift,Show extent before macro detail,YIX-012,21.933,699,23.3,1.367,hard cut,hard cut,personally inspected source frames n-3 through n+2 at 180x320; consecutive frame evidence,boundaries-02.jpg row 1; split file boundaries-02-1.jpg,Eggs. Hundreds of them.,"Small white sans-serif with dark outline, generally near mid-frame/lower middle; phrase replacements; hook banner additionally at top until 6.4s",Finished reference only. Original human/stock/CGI origin and capture device not verified.
699,Embedded in gut lining,mechanism,Angled gut wall close-up containing translucent ovals and small worm forms,Macro drift,Show location rather than merely repeating egg quantity,YIX-013,23.3,744,24.8,1.5,hard cut,hard cut,personally inspected source frames n-3 through n+2 at 180x320; consecutive frame evidence,boundaries-02.jpg row 2; split file boundaries-02-1.jpg,Embedded in your gut lining.,"Small white sans-serif with dark outline, generally near mid-frame/lower middle; phrase replacements; hook banner additionally at top until 6.4s",Finished reference only. Original human/stock/CGI origin and capture device not verified.
744,Each egg hatches within two weeks,mechanism,Extreme macro of clustered pearl-like eggs; interiors/worm forms develop,Visible hatching animation,Animate lifecycle consequence that explains recurrence,YIX-014,24.8,827,27.567,2.767,hard cut,hard cut,personally inspected source frames n-3 through n+2 at 180x320; consecutive frame evidence,boundaries-02.jpg row 3; split file boundaries-02-1.jpg,Each one hatch into a new parasite within two weeks.,"Small white sans-serif with dark outline, generally near mid-frame/lower middle; phrase replacements; hook banner additionally at top until 6.4s",Finished reference only. Original human/stock/CGI origin and capture device not verified.
827,Why previous cleanse failed,mechanism,Scope tunnel; white cleansing fluid rushes through dirty wall scene,Fluid surge,Introduce attempted solution and set up limitation,YIX-015,27.567,874,29.133,1.567,hard cut,hard cut,personally inspected source frames n-3 through n+2 at 180x320; consecutive frame evidence,boundaries-02.jpg row 4; split file boundaries-02-1.jpg,This is why your cleanse ain't work. You,"Small white sans-serif with dark outline, generally near mid-frame/lower middle; phrase replacements; hook banner additionally at top until 6.4s",Finished reference only. Original human/stock/CGI origin and capture device not verified.
874,Killed some adults,mechanism,Remaining yellow-brown tunnel/worm material after fluid pass,Slow push,Separate partial effect from complete resolution,YIX-016,29.133,919,30.633,1.5,hard cut,hard cut,personally inspected source frames n-3 through n+2 at 180x320; consecutive frame evidence,boundaries-02.jpg row 7; split file boundaries-02-2.jpg,killed some of the adults.,"Small white sans-serif with dark outline, generally near mid-frame/lower middle; phrase replacements; hook banner additionally at top until 6.4s",Finished reference only. Original human/stock/CGI origin and capture device not verified.
919,Eggs remain waiting,mechanism+overlay,Tight eggs on gut fold while white fluid passes; curved white arrow targets eggs,Fluid pass; fixed attention arrow,Show the missed target; arrow identifies the important residual detail,YIX-017,30.633,1019,33.967,3.333,hard cut,hard cut,personally inspected source frames n-3 through n+2 at 180x320; consecutive frame evidence,boundaries-02.jpg row 8; split file boundaries-02-2.jpg,But the egg's been sitting there the whole time waiting on their turn.,"Small white sans-serif with dark outline, generally near mid-frame/lower middle; phrase replacements; hook banner additionally at top until 6.4s",Finished reference only. Original human/stock/CGI origin and capture device not verified.
1019,Watch food pass,mechanism+presenter,Dark lumen with food matter and worms; keyed commentator returns,Forward drift; pointing,Announce a new mechanism chapter,YIX-018,33.967,1041,34.7,0.733,hard cut,presenter overlay removed,personally inspected source frames n-3 through n+2 at 180x320; consecutive frame evidence,boundaries-03.jpg row 1; split file boundaries-03-1.jpg,Watch this part.,"Small white sans-serif with dark outline, generally near mid-frame/lower middle; phrase replacements; hook banner additionally at top until 6.4s",Finished reference only. Original human/stock/CGI origin and capture device not verified.
1041,Food arrives and parasites eat first,mechanism,Same dark lumen/food scene with presenter layer removed,Food movement; slow push,"Clear viewing area at the demonstration action; layout change, not a new underlying clip",YIX-019,34.7,1108,36.933,2.233,presenter overlay removed; underlying scene continues,hard cut,personally inspected source frames n-3 through n+2 at 180x320; consecutive frame evidence,boundaries-03.jpg row 2; split file boundaries-03-1.jpg,Your food come through and they eat it first. The,"Small white sans-serif with dark outline, generally near mid-frame/lower middle; phrase replacements; hook banner additionally at top until 6.4s",Finished reference only. Original human/stock/CGI origin and capture device not verified.
1108,Nutrients the body needs,mechanism,Cleaner pink intestinal tunnel containing small gold particles,Forward drift,Establish normal desired flow before interception,YIX-020,36.933,1161,38.7,1.767,hard cut,hard cut,personally inspected source frames n-3 through n+2 at 180x320; consecutive frame evidence,boundaries-03.jpg row 3; split file boundaries-03-1.jpg,nutrients your body actually need.,"Small white sans-serif with dark outline, generally near mid-frame/lower middle; phrase replacements; hook banner additionally at top until 6.4s",Finished reference only. Original human/stock/CGI origin and capture device not verified.
1161,"Zinc, iron, amino acids, vitamins",mechanism,Brown tunnel with four large colored nutrient-like shapes suspended inside,Colored pieces move toward viewer,One grouped view supports a list of related entities without a cut per noun,YIX-021,38.7,1255,41.833,3.133,hard cut,hard cut,personally inspected source frames n-3 through n+2 at 180x320; consecutive frame evidence,boundaries-03.jpg row 4; split file boundaries-03-1.jpg,The zinc. The iron. The amino acids. The vitamins.,"Small white sans-serif with dark outline, generally near mid-frame/lower middle; phrase replacements; hook banner additionally at top until 6.4s",Finished reference only. Original human/stock/CGI origin and capture device not verified.
1255,Intercepted before body receives them,mechanism,Close intestinal folds with coated blobs and bright particle below,Macro drift,Begin interception sequence,YIX-022,41.833,1279,42.633,0.8,hard cut,hard cut,personally inspected source frames n-3 through n+2 at 180x320; consecutive frame evidence,boundaries-03.jpg row 5; split file boundaries-03-1.jpg,Intercept it,"Small white sans-serif with dark outline, generally near mid-frame/lower middle; phrase replacements; hook banner additionally at top until 6.4s",Finished reference only. Original human/stock/CGI origin and capture device not verified.
1279,Intercepted before body receives them,mechanism,"Villus-level red tissue, worms and large colored nutrient objects clustered at center",Macro particle convergence,Move to finer scale to show where interception happens,YIX-023,42.633,1324,44.133,1.5,hard cut,hard cut,personally inspected source frames n-3 through n+2 at 180x320; consecutive frame evidence,boundaries-03.jpg row 6; split file boundaries-03-2.jpg,before your body get any of it.,"Small white sans-serif with dark outline, generally near mid-frame/lower middle; phrase replacements; hook banner additionally at top until 6.4s",Finished reference only. Original human/stock/CGI origin and capture device not verified.
1324,Eating clean,human-attempt,Young man eating from plate at a table in everyday room; vertical phone composition,Fork-to-mouth action,Recognizable good habit becomes a failed-attempt example,YIX-024,44.133,1359,45.3,1.167,hard cut,hard cut,personally inspected source frames n-3 through n+2 at 180x320; consecutive frame evidence,boundaries-03.jpg row 7; split file boundaries-03-2.jpg,You've been eating clean.,"Small white sans-serif with dark outline, generally near mid-frame/lower middle; phrase replacements; hook banner additionally at top until 6.4s",Finished reference only. Original human/stock/CGI origin and capture device not verified.
1359,Taking supplements,human-attempt,Woman in kitchen selfie framing with several pills in open mouth,Mouth/swallow action,Concrete supplement behavior supports second attempted solution,YIX-025,45.3,1395,46.5,1.2,hard cut,hard cut,personally inspected source frames n-3 through n+2 at 180x320; consecutive frame evidence,boundaries-03.jpg row 8; split file boundaries-03-2.jpg,You've been taking supplements.,"Small white sans-serif with dark outline, generally near mid-frame/lower middle; phrase replacements; hook banner additionally at top until 6.4s",Finished reference only. Original human/stock/CGI origin and capture device not verified.
1395,Still deficient,human-problem,"Older man seated on bed in undershirt, rubbing abdomen and grimacing",Hand-to-abdomen action,Show the unresolved human consequence; symptoms do not prove deficiency,YIX-026,46.5,1432,47.733,1.233,hard cut,hard cut,personally inspected source frames n-3 through n+2 at 180x320; consecutive frame evidence,boundaries-03.jpg row 9; split file boundaries-03-2.jpg,And you're still deficient,"Small white sans-serif with dark outline, generally near mid-frame/lower middle; phrase replacements; hook banner additionally at top until 6.4s",Finished reference only. Original human/stock/CGI origin and capture device not verified.
1432,They steal nutrients,mechanism,Wide interior with thin worms and drifting colored particles,Worm/particle motion,Return from habit examples to proposed reason they fail,YIX-027,47.733,1488,49.6,1.867,hard cut,hard cut,personally inspected source frames n-3 through n+2 at 180x320; consecutive frame evidence,boundaries-03.jpg row 10; split file boundaries-03-2.jpg,because they're stealing everything from you.,"Small white sans-serif with dark outline, generally near mid-frame/lower middle; phrase replacements; hook banner additionally at top until 6.4s",Finished reference only. Original human/stock/CGI origin and capture device not verified.
1488,This is the vagus nerve,mechanism+presenter,Internal wall with long pale branching nerve-like structure; commentator lower-left points up,Slow push; pointing,Introduce a new named structure using guide plus visible referent,YIX-028,49.6,1542,51.4,1.8,hard cut,hard cut,personally inspected source frames n-3 through n+2 at 180x320; consecutive frame evidence,boundaries-04.jpg row 1; split file boundaries-04-1.jpg,Now this? This is your vagus nerve.,"Small white sans-serif with dark outline, generally near mid-frame/lower middle; phrase replacements; hook banner additionally at top until 6.4s",Finished reference only. Original human/stock/CGI origin and capture device not verified.
1542,Gut-to-brain connection,anatomical-system,Transparent upper torso/back of head with blue impulses running toward brain,Camera tracks upward along pulses,Show route at whole-system scale,YIX-029,51.4,1617,53.9,2.5,hard cut,hard cut,personally inspected source frames n-3 through n+2 at 180x320; consecutive frame evidence,boundaries-04.jpg row 2; split file boundaries-04-1.jpg,The direct line between your gut and your brain.,"Small white sans-serif with dark outline, generally near mid-frame/lower middle; phrase replacements; hook banner additionally at top until 6.4s",Finished reference only. Original human/stock/CGI origin and capture device not verified.
1617,Clustered around nerve,mechanism+presenter,Return to inside wall and pale branching strand with small surrounding forms,Macro drift; presenter pointing,Reconnect whole-body route to localized claimed trigger,YIX-030,53.9,1671,55.7,1.8,hard cut,hard cut,personally inspected source frames n-3 through n+2 at 180x320; consecutive frame evidence,boundaries-04.jpg row 4; split file boundaries-04-1.jpg,See how they all clustered around it?,"Small white sans-serif with dark outline, generally near mid-frame/lower middle; phrase replacements; hook banner additionally at top until 6.4s",Finished reference only. Original human/stock/CGI origin and capture device not verified.
1671,Chemical signals,mechanism,Blue neuron-like branching web above lumpy microscopic landscape with moving cyan streaks,Fast electrical streaks; micro camera glide,Use a distinct microscopic vocabulary for signaling,YIX-031,55.7,1717,57.233,1.533,hard cut,hard cut,personally inspected source frames n-3 through n+2 at 180x320; consecutive frame evidence,boundaries-04.jpg row 5; split file boundaries-04-1.jpg,They sending chemical signals straight,"Small white sans-serif with dark outline, generally near mid-frame/lower middle; phrase replacements; hook banner additionally at top until 6.4s",Finished reference only. Original human/stock/CGI origin and capture device not verified.
1717,Signals trigger sugar cravings,anatomical-system,Frontal transparent torso with lit nerve path/brain and sugar/bread pictograms,Light pulses rise; food insets static,Integrate route and behavioral destination in one diagram,YIX-032,57.233,1779,59.3,2.067,hard cut,hard cut,personally inspected source frames n-3 through n+2 at 180x320; consecutive frame evidence,boundaries-05.jpg row 2; split file boundaries-05-1.jpg,up that nerve triggering sugar cravings.,"Small white sans-serif with dark outline, generally near mid-frame/lower middle; phrase replacements; hook banner additionally at top until 6.4s",Finished reference only. Original human/stock/CGI origin and capture device not verified.
1779,Midnight trip to kitchen,human-problem,Wide dim home kitchen; woman approaches and opens refrigerator,Walking/refrigerator door action,Externalize abstract craving as a specific familiar behavior and time-of-day setting,YIX-033,59.3,1825,60.833,1.533,hard cut,hard cut,personally inspected source frames n-3 through n+2 at 180x320; consecutive frame evidence,boundaries-05.jpg row 3; split file boundaries-05-1.jpg,That midnight run to the kitchen where,"Small white sans-serif with dark outline, generally near mid-frame/lower middle; phrase replacements; hook banner additionally at top until 6.4s",Finished reference only. Original human/stock/CGI origin and capture device not verified.
1825,Cannot stop eating sweets,human-problem,Closer same kitchen/person holding ice-cream tub and spoon,Spoon-to-mouth action,Complete action chain from seeking food to eating it,YIX-034,60.833,1874,62.467,1.633,hard cut,hard cut,personally inspected source frames n-3 through n+2 at 180x320; consecutive frame evidence,boundaries-05.jpg row 4; split file boundaries-05-1.jpg,you can't stop eating sweet stuff?,"Small white sans-serif with dark outline, generally near mid-frame/lower middle; phrase replacements; hook banner additionally at top until 6.4s",Finished reference only. Original human/stock/CGI origin and capture device not verified.
1874,Signal started here,mechanism+presenter,Gut wall with worms and expanding purple rings; commentator points,Pulsing rings,Return human behavior to claimed source and visually mark origin,YIX-035,62.467,1923,64.1,1.633,hard cut,hard cut,personally inspected source frames n-3 through n+2 at 180x320; consecutive frame evidence,boundaries-05.jpg row 5; split file boundaries-05-1.jpg,That signal started right here.,"Small white sans-serif with dark outline, generally near mid-frame/lower middle; phrase replacements; hook banner additionally at top until 6.4s",Finished reference only. Original human/stock/CGI origin and capture device not verified.
1923,What has been living inside you,mechanism,"Close coated, dirty-looking intestinal fold",Slow macro glide,Re-establish antagonist before symptom recap,YIX-036,64.1,1969,65.633,1.533,hard cut,hard cut,personally inspected source frames n-3 through n+2 at 180x320; consecutive frame evidence,boundaries-05.jpg row 6; split file boundaries-05-2.jpg,This what's been living inside you.,"Small white sans-serif with dark outline, generally near mid-frame/lower middle; phrase replacements; hook banner additionally at top until 6.4s",Finished reference only. Original human/stock/CGI origin and capture device not verified.
1969,Bloating,human-problem,Seated blonde woman struggles with waistband then exposes stomach,Pulling waistband/body reaction,Fast list montage gives symptom a distinct visible action,YIX-037,65.633,2001,66.7,1.067,hard cut,hard cut,personally inspected source frames n-3 through n+2 at 180x320; consecutive frame evidence,boundaries-05.jpg row 7; split file boundaries-05-2.jpg,Causing the bloating.,"Small white sans-serif with dark outline, generally near mid-frame/lower middle; phrase replacements; hook banner additionally at top until 6.4s",Finished reference only. Original human/stock/CGI origin and capture device not verified.
2001,Brain fog,human-problem,"Young woman in robe at table presses forehead, eyes closed",Forehead hold/slumped pose,Switch face/body cue and environment to depict cognitive difficulty,YIX-038,66.7,2029,67.633,0.933,hard cut,hard cut,personally inspected source frames n-3 through n+2 at 180x320; consecutive frame evidence,boundaries-05.jpg row 8; split file boundaries-05-2.jpg,The brain fog.,"Small white sans-serif with dark outline, generally near mid-frame/lower middle; phrase replacements; hook banner additionally at top until 6.4s",Finished reference only. Original human/stock/CGI origin and capture device not verified.
2029,Fatigue,human-problem,Wide living room; person lies stretched out on sofa,Mostly still collapsed posture,Sub-second exhaustion insert; change shot scale and location,YIX-039,67.633,2051,68.367,0.733,hard cut,hard cut,personally inspected source frames n-3 through n+2 at 180x320; consecutive frame evidence,boundaries-05.jpg row 9; split file boundaries-05-2.jpg,The fatigue.,"Small white sans-serif with dark outline, generally near mid-frame/lower middle; phrase replacements; hook banner additionally at top until 6.4s",Finished reference only. Original human/stock/CGI origin and capture device not verified.
2051,Sugar cravings,human-problem,Close woman holding Nutella container and heaped sweet-filled spoon,Food held close to lens,Exaggerated food action gives craving an immediately legible image,YIX-040,68.367,2081,69.367,1.0,hard cut,hard cut,personally inspected source frames n-3 through n+2 at 180x320; consecutive frame evidence,boundaries-05.jpg row 10; split file boundaries-05-2.jpg,The sugar cravings.,"Small white sans-serif with dark outline, generally near mid-frame/lower middle; phrase replacements; hook banner additionally at top until 6.4s",Finished reference only. Original human/stock/CGI origin and capture device not verified.
2081,2 a.m. wake-ups,human-problem,"Man lying on side in bed, eyes opening/looking aside",Small head/eye motion,Use sleep environment and restless expression for this symptom,YIX-041,69.367,2120,70.667,1.3,hard cut,hard cut,personally inspected source frames n-3 through n+2 at 180x320; consecutive frame evidence,boundaries-06.jpg row 1; split file boundaries-06-1.jpg,The 2 a .m. wake -ups.,"Small white sans-serif with dark outline, generally near mid-frame/lower middle; phrase replacements; hook banner additionally at top until 6.4s",Finished reference only. Original human/stock/CGI origin and capture device not verified.
2120,Joint pain,human-problem,Woman on edge of bed grips/rubs knee and leans back,Knee-rubbing and grimace,Specific joint and action instead of generic discomfort,YIX-042,70.667,2150,71.667,1.0,hard cut,hard cut,personally inspected source frames n-3 through n+2 at 180x320; consecutive frame evidence,boundaries-06.jpg row 2; split file boundaries-06-1.jpg,The joint pain.,"Small white sans-serif with dark outline, generally near mid-frame/lower middle; phrase replacements; hook banner additionally at top until 6.4s",Finished reference only. Original human/stock/CGI origin and capture device not verified.
2150,Skin breakouts,human-problem,"Phone close-up of woman's visibly red facial skin, head angled toward lens",Head tilt,Surface-level symptom is best shown directly at close scale,YIX-043,71.667,2183,72.767,1.1,hard cut,hard cut,personally inspected source frames n-3 through n+2 at 180x320; consecutive frame evidence,boundaries-06.jpg row 3; split file boundaries-06-1.jpg,The skin breakouts.,"Small white sans-serif with dark outline, generally near mid-frame/lower middle; phrase replacements; hook banner additionally at top until 6.4s",Finished reference only. Original human/stock/CGI origin and capture device not verified.
2183,All one root cause,mechanism,Dark red crowded tissue with shiny worm/parasite-like forms,Slow dense organic motion,Collapse diverse symptom montage back into singular cause claim,YIX-044,72.767,2243,74.767,2.0,hard cut,hard cut,personally inspected source frames n-3 through n+2 at 180x320; consecutive frame evidence,boundaries-06.jpg row 4; split file boundaries-06-1.jpg,All of it. One root cause.,"Small white sans-serif with dark outline, generally near mid-frame/lower middle; phrase replacements; hook banner additionally at top until 6.4s",Finished reference only. Original human/stock/CGI origin and capture device not verified.
2243,Behind biofilm,mechanism,Close wall with stacked yellow-coated bulbs,Slow macro push,Recall previously established barrier rather than introducing unrelated symbol,YIX-045,74.767,2301,76.7,1.933,hard cut,hard cut,personally inspected source frames n-3 through n+2 at 180x320; consecutive frame evidence,boundaries-06.jpg row 5; split file boundaries-06-1.jpg,Hiding behind a biofilm shield no,"Small white sans-serif with dark outline, generally near mid-frame/lower middle; phrase replacements; hook banner additionally at top until 6.4s",Finished reference only. Original human/stock/CGI origin and capture device not verified.
2301,No doctor told you,professional-context,"Person in white coat working at a lab bench with microscope, monitors, test tubes",Seated bench work,Visual professional context for omission claim; image does not substantiate it,YIX-046,76.7,2356,78.533,1.833,hard cut,hard cut,personally inspected source frames n-3 through n+2 at 180x320; consecutive frame evidence,boundaries-06.jpg row 6; split file boundaries-06-2.jpg,doctor ever told you about.,"Small white sans-serif with dark outline, generally near mid-frame/lower middle; phrase replacements; hook banner additionally at top until 6.4s",Finished reference only. Original human/stock/CGI origin and capture device not verified.
2356,Take two softgels before bed,product-use+presenter,Robe-wearing person's hands hold golden softgels near bed; commentator keyed below,Picking up capsule; hand rises to mouth,Show simple regimen at the solution pivot,YIX-047,78.533,2469,82.3,3.767,hard cut,hard cut,personally inspected source frames n-3 through n+2 at 180x320; consecutive frame evidence,boundaries-06.jpg row 7; split file boundaries-06-2.jpg,Now watch what happens when you take two soft gels of Resilie before bed.,"Small white sans-serif with dark outline, generally near mid-frame/lower middle; phrase replacements; hook banner additionally at top until 6.4s",Finished reference only. Original human/stock/CGI origin and capture device not verified.
2469,Wild oregano ingredient,ingredient,Green leafy plant macro outdoors,Gentle handheld/foliage motion,Move from scary interior to fresh tangible ingredient source,YIX-048,82.3,2546,84.867,2.567,hard cut,hard cut,personally inspected source frames n-3 through n+2 at 180x320; consecutive frame evidence,boundaries-06.jpg row 9; split file boundaries-06-2.jpg,This is wild Mediterranean oregano oil,"Small white sans-serif with dark outline, generally near mid-frame/lower middle; phrase replacements; hook banner additionally at top until 6.4s",Finished reference only. Original human/stock/CGI origin and capture device not verified.
2546,85% carvacrol,ingredient,Yellow liquid droplet at pipette above amber glass bottle,Drop forms/falls,Switch from raw plant to concentrated liquid form on strength claim,YIX-049,84.867,2600,86.667,1.8,hard cut,hard cut,personally inspected source frames n-3 through n+2 at 180x320; consecutive frame evidence,boundaries-07.jpg row 2; split file boundaries-07-1.jpg,at 85 % carvacrawl,"Small white sans-serif with dark outline, generally near mid-frame/lower middle; phrase replacements; hook banner additionally at top until 6.4s",Finished reference only. Original human/stock/CGI origin and capture device not verified.
2600,Paired with black seed oil,ingredient,Black seeds pour into white bowl,Pour accumulation,"Introduce second ingredient with distinct color, texture and action",YIX-050,86.667,2678,89.267,2.6,hard cut,hard cut,personally inspected source frames n-3 through n+2 at 180x320; consecutive frame evidence,boundaries-07.jpg row 3; split file boundaries-07-1.jpg,paired with real Ethiopian black seed oil,"Small white sans-serif with dark outline, generally near mid-frame/lower middle; phrase replacements; hook banner additionally at top until 6.4s",Finished reference only. Original human/stock/CGI origin and capture device not verified.
2678,Rich in thymoquinone,ingredient,Spoon scoops black seeds from white bowl,Scoop/lift,Closer tactile insert sustains second ingredient while naming active,YIX-051,89.267,2719,90.633,1.367,hard cut,hard cut,personally inspected source frames n-3 through n+2 at 180x320; consecutive frame evidence,boundaries-07.jpg row 4; split file boundaries-07-1.jpg,rich in thymoquinone.,"Small white sans-serif with dark outline, generally near mid-frame/lower middle; phrase replacements; hook banner additionally at top until 6.4s",Finished reference only. Original human/stock/CGI origin and capture device not verified.
2719,Two powerful compounds,presenter,"Same male presenter full-frame in home, carved wood cabinet background",Conversational face/hand gesture,Human explanation synthesizes ingredient pair before demonstration,YIX-052,90.633,2821,94.033,3.4,hard cut,hard cut,personally inspected source frames n-3 through n+2 at 180x320; consecutive frame evidence,boundaries-07.jpg row 5; split file boundaries-07-1.jpg,Two of the most powerful antimicrobial compounds on the planet,"Small white sans-serif with dark outline, generally near mid-frame/lower middle; phrase replacements; hook banner additionally at top until 6.4s",Finished reference only. Original human/stock/CGI origin and capture device not verified.
2821,Both arrive at once,mechanism,Inside mouth/throat with two golden capsules landing on tongue,Capsules tumble,Bridge recognizable dose to internal treatment path,YIX-053,94.033,2896,96.533,2.5,hard cut,hard cut,personally inspected source frames n-3 through n+2 at 180x320; consecutive frame evidence,boundaries-07.jpg row 6; split file boundaries-07-2.jpg,coming at these parasites at the same time.,"Small white sans-serif with dark outline, generally near mid-frame/lower middle; phrase replacements; hook banner additionally at top until 6.4s",Finished reference only. Original human/stock/CGI origin and capture device not verified.
2896,Watch first compound,mechanism,Golden liquid surges through intestinal tunnel onto coated material,Pour/flow,First ingredient receives distinct gold visual identity and action,YIX-054,96.533,2937,97.9,1.367,hard cut,hard cut,personally inspected source frames n-3 through n+2 at 180x320; consecutive frame evidence,boundaries-07.jpg row 7; split file boundaries-07-2.jpg,Watch what the carvacrawl do,"Small white sans-serif with dark outline, generally near mid-frame/lower middle; phrase replacements; hook banner additionally at top until 6.4s",Finished reference only. Original human/stock/CGI origin and capture device not verified.
2937,Hits biofilm,mechanism,Closer angle on stream striking bulbous shield surface,Impact/dissolution action,Advance from delivery to contact at target,YIX-055,97.9,2974,99.133,1.233,hard cut,hard cut,personally inspected source frames n-3 through n+2 at 180x320; consecutive frame evidence,boundaries-07.jpg row 8; split file boundaries-07-2.jpg,when it hit the biofilm.,"Small white sans-serif with dark outline, generally near mid-frame/lower middle; phrase replacements; hook banner additionally at top until 6.4s",Finished reference only. Original human/stock/CGI origin and capture device not verified.
2974,Shield cracks open,mechanism,Cut to coated structures splitting/opening along gut wall,Shell separation and debris,Visible before-to-after action carries barrier-removal claim,YIX-056,99.133,3056,101.867,2.733,hard cut,hard cut,personally inspected source frames n-3 through n+2 at 180x320; consecutive frame evidence,boundaries-07.jpg row 9; split file boundaries-07-2.jpg,38 seconds. Shield cracked wide open.,"Small white sans-serif with dark outline, generally near mid-frame/lower middle; phrase replacements; hook banner additionally at top until 6.4s",Finished reference only. Original human/stock/CGI origin and capture device not verified.
3056,Protection gone,presenter,Full-frame commentator in same room,Emphatic expression,Interpret prior action and pause before stage two,YIX-057,101.867,3165,105.5,3.633,hard cut,hard cut,personally inspected source frames n-3 through n+2 at 180x320; consecutive frame evidence,boundaries-07.jpg row 10; split file boundaries-07-2.jpg,The protection these parasites been hiding behind for years? Gone.,"Small white sans-serif with dark outline, generally near mid-frame/lower middle; phrase replacements; hook banner additionally at top until 6.4s",Finished reference only. Original human/stock/CGI origin and capture device not verified.
3165,Second compound finishes job,mechanism,Gut with worm forms; thick black fluid rushes in and washes through,Large continuous fluid surge; camera tracks,Second ingredient uses contrasting black color and sequential action; hold long enough to see completion,YIX-058,105.5,3351,111.7,6.2,hard cut,hard cut,personally inspected source frames n-3 through n+2 at 180x320; consecutive frame evidence,boundaries-08.jpg row 1; split file boundaries-08-1.jpg,Now watch what happened next. The thymoquinone flood in behind it and finish the job. Parasites destroyed. The,"Small white sans-serif with dark outline, generally near mid-frame/lower middle; phrase replacements; hook banner additionally at top until 6.4s",Finished reference only. Original human/stock/CGI origin and capture device not verified.
3351,Eggs survived previous cleanses,mechanism,Pale scope tunnel with clusters of white eggs; green liquid washes through,Fluid passes eggs,Reprise failed alternative to frame remaining objection,YIX-059,111.7,3437,114.567,2.867,hard cut,hard cut,personally inspected source frames n-3 through n+2 at 180x320; consecutive frame evidence,boundaries-09.jpg row 7; split file boundaries-09-2.jpg,eggs that survived every cleanse you ever tried?,"Small white sans-serif with dark outline, generally near mid-frame/lower middle; phrase replacements; hook banner additionally at top until 6.4s",Finished reference only. Original human/stock/CGI origin and capture device not verified.
3437,Cheap oregano bounces off casings,mechanism,Dark bulb-like egg casing; cream spheres strike/bounce around it,Repeated sphere impacts,Different action explains proposed failure at barrier,YIX-060,114.567,3520,117.333,2.767,hard cut,hard cut,personally inspected source frames n-3 through n+2 at 180x320; consecutive frame evidence,boundaries-09.jpg row 8; split file boundaries-09-2.jpg,The casings cheap oregano oil bounced off of?,"Small white sans-serif with dark outline, generally near mid-frame/lower middle; phrase replacements; hook banner additionally at top until 6.4s",Finished reference only. Original human/stock/CGI origin and capture device not verified.
3520,Weak black seed oil cannot crack,mechanism,Pale intestinal tunnel packed with eggs; black fluid passes over them,Black liquid flow,Show second solo ingredient's alleged insufficiency using same code,YIX-061,117.333,3582,119.4,2.067,hard cut,hard cut,personally inspected source frames n-3 through n+2 at 180x320; consecutive frame evidence,boundaries-09.jpg row 9; split file boundaries-09-2.jpg,That weak black seed oil couldn't crack?,"Small white sans-serif with dark outline, generally near mid-frame/lower middle; phrase replacements; hook banner additionally at top until 6.4s",Finished reference only. Original human/stock/CGI origin and capture device not verified.
3582,Dissolved; contents wiped out,mechanism,Clean pink gut wall with translucent eggs fading/breaking down,Gradual disappearance,"Pay off egg objection with visible change, then cleaner surface",YIX-062,119.4,3645,121.5,2.1,hard cut,hard cut,personally inspected source frames n-3 through n+2 at 180x320; consecutive frame evidence,boundaries-09.jpg row 10; split file boundaries-09-2.jpg,Dissolved. Contents wiped out.,"Small white sans-serif with dark outline, generally near mid-frame/lower middle; phrase replacements; hook banner additionally at top until 6.4s",Finished reference only. Original human/stock/CGI origin and capture device not verified.
3645,No next generation; previous cleanse failed,presenter,Full-frame commentator,Direct delivery,State conclusion after demonstration; reset visual load,YIX-063,121.5,3745,124.833,3.333,hard cut,hard cut,personally inspected source frames n-3 through n+2 at 180x320; consecutive frame evidence,boundaries-10.jpg row 1; split file boundaries-10-1.jpg,No next generation. This is why your last cleanse ain't work.,"Small white sans-serif with dark outline, generally near mid-frame/lower middle; phrase replacements; hook banner additionally at top until 6.4s",Finished reference only. Original human/stock/CGI origin and capture device not verified.
3745,Shelf products are weak,retail-context,Long aisle of supplement bottles on store shelves,Shallow-focus lateral drift,Make comparison category tangible without inventing a named competitor,YIX-064,124.833,3813,127.1,2.267,hard cut,hard cut,personally inspected source frames n-3 through n+2 at 180x320; consecutive frame evidence,boundaries-10.jpg row 2; split file boundaries-10-1.jpg,Most oregano oil on the shelf is weak.,"Small white sans-serif with dark outline, generally near mid-frame/lower middle; phrase replacements; hook banner additionally at top until 6.4s",Finished reference only. Original human/stock/CGI origin and capture device not verified.
3813,Weak amounts / wrong origin,presenter,Full-frame commentator,Direct delivery,Carry verbal differentiation that footage cannot directly verify,YIX-065,127.1,3944,131.467,4.367,hard cut,hard cut,personally inspected source frames n-3 through n+2 at 180x320; consecutive frame evidence,boundaries-10.jpg row 3; split file boundaries-10-1.jpg,Barely any carvacrawl in it. Most black seed oil ain't even from Ethiopia.,"Small white sans-serif with dark outline, generally near mid-frame/lower middle; phrase replacements; hook banner additionally at top until 6.4s",Finished reference only. Original human/stock/CGI origin and capture device not verified.
3944,Second active barely does anything,mechanism,Black liquid between pink folds while clusters remain visible,Liquid stream around eggs,Recall inadequate standalone effect visually,YIX-066,131.467,4014,133.8,2.333,hard cut,hard cut,personally inspected source frames n-3 through n+2 at 180x320; consecutive frame evidence,boundaries-10.jpg row 4; split file boundaries-10-1.jpg,So the thymoquinone barely doing nothing.,"Small white sans-serif with dark outline, generally near mid-frame/lower middle; phrase replacements; hook banner additionally at top until 6.4s",Finished reference only. Original human/stock/CGI origin and capture device not verified.
4014,Need both at full strength together,presenter,Same full-frame commentator,Counting/emphatic hand gestures,Combine two-stage lesson into simple selection criterion,YIX-067,133.8,4122,137.4,3.6,hard cut,hard cut,personally inspected source frames n-3 through n+2 at 180x320; consecutive frame evidence,boundaries-10.jpg row 5; split file boundaries-10-1.jpg,You need both at full strength hitting at the same time.,"Small white sans-serif with dark outline, generally near mid-frame/lower middle; phrase replacements; hook banner additionally at top until 6.4s",Finished reference only. Original human/stock/CGI origin and capture device not verified.
4122,Gut after three weeks,mechanism,Smooth pale-pink clean tunnel with a few softly glowing particles,Calm forward glide,"Visual after-state contrasts earlier dirty, crowded texture",YIX-068,137.4,4194,139.8,2.4,hard cut,hard cut,personally inspected source frames n-3 through n+2 at 180x320; consecutive frame evidence,boundaries-10.jpg row 6; split file boundaries-10-2.jpg,This is your gut after three weeks on Resilie.,"Small white sans-serif with dark outline, generally near mid-frame/lower middle; phrase replacements; hook banner additionally at top until 6.4s",Finished reference only. Original human/stock/CGI origin and capture device not verified.
4194,Bloating gone,human-benefit,Woman standing in jeans turns then smiles with top lifted above abdomen,Body turn/smile,"Mirror problem category with positive lived outcome; different person, not verified before/after",YIX-069,139.8,4242,141.4,1.6,hard cut,hard cut,personally inspected source frames n-3 through n+2 at 180x320; consecutive frame evidence,boundaries-10.jpg row 7; split file boundaries-10-2.jpg,That's why the bloating disappeared.,"Small white sans-serif with dark outline, generally near mid-frame/lower middle; phrase replacements; hook banner additionally at top until 6.4s",Finished reference only. Original human/stock/CGI origin and capture device not verified.
4242,Brain fog lifts,human-benefit,Woman seated on bed working at laptop in bright room,Typing/attentive posture,Show functioning behavior rather than another symptom pose,YIX-070,141.4,4293,143.1,1.7,hard cut,hard cut,personally inspected source frames n-3 through n+2 at 180x320; consecutive frame evidence,boundaries-10.jpg row 8; split file boundaries-10-2.jpg,That's why the brain fog lift.,"Small white sans-serif with dark outline, generally near mid-frame/lower middle; phrase replacements; hook banner additionally at top until 6.4s",Finished reference only. Original human/stock/CGI origin and capture device not verified.
4293,Sugar cravings stop,human-benefit,POV hands throw decorated cake into trash bin,Clear discard action,A decisive behavior makes reduced desire visible,YIX-071,143.1,4345,144.833,1.733,hard cut,hard cut,personally inspected source frames n-3 through n+2 at 180x320; consecutive frame evidence,boundaries-10.jpg row 9; split file boundaries-10-2.jpg,That's why the sugar cravings stop.,"Small white sans-serif with dark outline, generally near mid-frame/lower middle; phrase replacements; hook banner additionally at top until 6.4s",Finished reference only. Original human/stock/CGI origin and capture device not verified.
4345,Sleep through night,human-benefit,Person peacefully asleep on pillow under blanket,Still/restful pose,Quiet sustained image resolves restless-bed problem category,YIX-072,144.833,4408,146.933,2.1,hard cut,hard cut,personally inspected source frames n-3 through n+2 at 180x320; consecutive frame evidence,boundaries-11.jpg row 1; split file boundaries-11-1.jpg,That's why you finally sleep through the night.,"Small white sans-serif with dark outline, generally near mid-frame/lower middle; phrase replacements; hook banner additionally at top until 6.4s",Finished reference only. Original human/stock/CGI origin and capture device not verified.
4408,Cause is gone,mechanism,Golden fluid washes worms from red intestinal tunnel,Fluid flush with moving organisms,Return benefit montage to shared cause and recap removal,YIX-073,146.933,4489,149.633,2.7,hard cut,hard cut,personally inspected source frames n-3 through n+2 at 180x320; consecutive frame evidence,boundaries-11.jpg row 2; split file boundaries-11-1.jpg,Because the thing causing all of it is gone.,"Small white sans-serif with dark outline, generally near mid-frame/lower middle; phrase replacements; hook banner additionally at top until 6.4s",Finished reference only. Original human/stock/CGI origin and capture device not verified.
4489,Resilia is the brand,product,Hand holds labeled white/green pouch in sunlit bedroom,Handheld pack display,First extended branding passage turns mechanism story into identifiable item,YIX-074,149.633,4538,151.267,1.633,hard cut,hard cut,personally inspected source frames n-3 through n+2 at 180x320; consecutive frame evidence,boundaries-11.jpg row 4; split file boundaries-11-1.jpg,Resilie is the only brand,"Small white sans-serif with dark outline, generally near mid-frame/lower middle; phrase replacements; hook banner additionally at top until 6.4s",Finished reference only. Original human/stock/CGI origin and capture device not verified.
4538,Sourcing oregano,ingredient,Overhead bowl of fresh green leaves on stone tabletop,Subtle overhead drift,Recall tangible ingredient with composition different from first plant macro,YIX-075,151.267,4581,152.7,1.433,hard cut,hard cut,personally inspected source frames n-3 through n+2 at 180x320; consecutive frame evidence,boundaries-11.jpg row 5; split file boundaries-11-1.jpg,sourcing wild oregano from,"Small white sans-serif with dark outline, generally near mid-frame/lower middle; phrase replacements; hook banner additionally at top until 6.4s",Finished reference only. Original human/stock/CGI origin and capture device not verified.
4581,Mediterranean mountains / altitude,origin-context,Wide green alpine valley and jagged peaks,Slow landscape drift,Give provenance language geographic scale; actual source location not verified,YIX-076,152.7,4669,155.633,2.933,hard cut,hard cut,personally inspected source frames n-3 through n+2 at 180x320; consecutive frame evidence,boundaries-11.jpg row 6; split file boundaries-11-2.jpg,"the Mediterranean mountains at 4 ,000 feet.","Small white sans-serif with dark outline, generally near mid-frame/lower middle; phrase replacements; hook banner additionally at top until 6.4s",Finished reference only. Original human/stock/CGI origin and capture device not verified.
4669,Ethiopian black seed oil,ingredient,"Glass jar of black seeds with small gold spoon, overhead",Scoop/stir action,Match second ingredient with fresh composition and material identity,YIX-077,155.633,4750,158.333,2.7,hard cut,hard cut,personally inspected source frames n-3 through n+2 at 180x320; consecutive frame evidence,boundaries-11.jpg row 7; split file boundaries-11-2.jpg,Paired with real Ethiopian black seed oil from,"Small white sans-serif with dark outline, generally near mid-frame/lower middle; phrase replacements; hook banner additionally at top until 6.4s",Finished reference only. Original human/stock/CGI origin and capture device not verified.
4750,Volcanic soil,origin-context,Ground-level close-up of dark cracked soil and small roots,Low close camera drift,Translate soil claim literally and change scale from landscape,YIX-078,158.333,4790,159.667,1.333,hard cut,hard cut,personally inspected source frames n-3 through n+2 at 180x320; consecutive frame evidence,boundaries-11.jpg row 8; split file boundaries-11-2.jpg,volcanic soil,"Small white sans-serif with dark outline, generally near mid-frame/lower middle; phrase replacements; hook banner additionally at top until 6.4s",Finished reference only. Original human/stock/CGI origin and capture device not verified.
4790,High-altitude origin,origin-context,Lush steep mountain with visible paths/valley,Aerial-like landscape drift,Return from soil micro-detail to geography/altitude,YIX-079,159.667,4827,160.9,1.233,hard cut,hard cut,personally inspected source frames n-3 through n+2 at 180x320; consecutive frame evidence,boundaries-11.jpg row 9; split file boundaries-11-2.jpg,"at 8 ,000 feet.","Small white sans-serif with dark outline, generally near mid-frame/lower middle; phrase replacements; hook banner additionally at top until 6.4s",Finished reference only. Original human/stock/CGI origin and capture device not verified.
4827,Two oils,comparison-overlay,Split screen of golden and brown oil jars on bright tabletop,Subtle jar/lighting motion,Compress two inputs side-by-side in one glance,YIX-080,160.9,4852,161.733,0.833,hard cut,hard cut,personally inspected source frames n-3 through n+2 at 180x320; consecutive frame evidence,boundaries-11.jpg row 10; split file boundaries-11-2.jpg,Two oils.,"Small white sans-serif with dark outline, generally near mid-frame/lower middle; phrase replacements; hook banner additionally at top until 6.4s",Finished reference only. Original human/stock/CGI origin and capture device not verified.
4852,Two countries,comparison-overlay,Split screen of earlier two mountain landscapes,Slow landscape motion,Parallel composition reinforces two-source formulation; repeats source landscapes,YIX-081,161.733,4878,162.6,0.867,hard cut,hard cut,personally inspected source frames n-3 through n+2 at 180x320; consecutive frame evidence,boundaries-12.jpg row 1; split file boundaries-12-1.jpg,Two countries.,"Small white sans-serif with dark outline, generally near mid-frame/lower middle; phrase replacements; hook banner additionally at top until 6.4s",Finished reference only. Original human/stock/CGI origin and capture device not verified.
4878,One softgel,product-detail,Fingertips hold one translucent golden capsule against softly lit interior,Small hand/camera movement,Converge two-source story into one easy unit,YIX-082,162.6,4910,163.667,1.067,hard cut,hard cut,personally inspected source frames n-3 through n+2 at 180x320; consecutive frame evidence,boundaries-12.jpg row 2; split file boundaries-12-1.jpg,One soft gel. They,"Small white sans-serif with dark outline, generally near mid-frame/lower middle; phrase replacements; hook banner additionally at top until 6.4s",Finished reference only. Original human/stock/CGI origin and capture device not verified.
4910,Small weekly batches,presenter,Full-frame commentator,Conversational delivery,Human assertion introduces scarcity rationale,YIX-083,163.667,4972,165.733,2.067,hard cut,hard cut,personally inspected source frames n-3 through n+2 at 180x320; consecutive frame evidence,boundaries-12.jpg row 3; split file boundaries-12-1.jpg,making small batches every week.,"Small white sans-serif with dark outline, generally near mid-frame/lower middle; phrase replacements; hook banner additionally at top until 6.4s",Finished reference only. Original human/stock/CGI origin and capture device not verified.
4972,Cannot scale wild mountainside oregano,origin-context,Low green herb plants/rocks with hillside houses in warm light,Slow forward drift,"Make limited-source story imaginable; landscape is illustrative, not supply evidence",YIX-084,165.733,5056,168.533,2.8,hard cut,hard cut,personally inspected source frames n-3 through n+2 at 180x320; consecutive frame evidence,boundaries-12.jpg row 4; split file boundaries-12-1.jpg,Can't scale wild oregano from a mountainside.,"Small white sans-serif with dark outline, generally near mid-frame/lower middle; phrase replacements; hook banner additionally at top until 6.4s",Finished reference only. Original human/stock/CGI origin and capture device not verified.
5056,When video takes off,presenter,Full-frame commentator,Direct address,Pivot from origin to popularity/availability narrative,YIX-085,168.533,5116,170.533,2.0,hard cut,hard cut,personally inspected source frames n-3 through n+2 at 180x320; consecutive frame evidence,boundaries-12.jpg row 5; split file boundaries-12-1.jpg,"Every time a video like this take off,","Small white sans-serif with dark outline, generally near mid-frame/lower middle; phrase replacements; hook banner additionally at top until 6.4s",Finished reference only. Original human/stock/CGI origin and capture device not verified.
5116,They sell out,social-proof-collage,Nine-panel grid of people and product pouches,Several inset clips move simultaneously,Brief collective-uptake cue; actual purchases/testimonials not verified,YIX-086,170.533,5140,171.333,0.8,hard cut,hard cut,personally inspected source frames n-3 through n+2 at 180x320; consecutive frame evidence,boundaries-12.jpg row 6; split file boundaries-12-2.jpg,they sell out.,"Small white sans-serif with dark outline, generally near mid-frame/lower middle; phrase replacements; hook banner additionally at top until 6.4s",Finished reference only. Original human/stock/CGI origin and capture device not verified.
5140,Waiting weeks for next drop,purchase-context,Woman at table using laptop on product site,Over-shoulder to closer screen drift,Show shopping context and make delay relevant at point of purchase,YIX-087,171.333,5209,173.633,2.3,hard cut,hard cut,personally inspected source frames n-3 through n+2 at 180x320; consecutive frame evidence,boundaries-12.jpg row 7; split file boundaries-12-2.jpg,And people be waiting weeks for the next drop.,"Small white sans-serif with dark outline, generally near mid-frame/lower middle; phrase replacements; hook banner additionally at top until 6.4s",Finished reference only. Original human/stock/CGI origin and capture device not verified.
5209,If link is working,presenter,Full-frame commentator,Direct address,Set conditional click instruction,YIX-088,173.633,5261,175.367,1.733,hard cut,hard cut,personally inspected source frames n-3 through n+2 at 180x320; consecutive frame evidence,boundaries-12.jpg row 8; split file boundaries-12-2.jpg,"If the link below still working,","Small white sans-serif with dark outline, generally near mid-frame/lower middle; phrase replacements; hook banner additionally at top until 6.4s",Finished reference only. Original human/stock/CGI origin and capture device not verified.
5261,Still available,product,Hand holds labeled pouch outdoors against dark steps,Handheld tilt,Keep recognizable product on availability statement,YIX-089,175.367,5312,177.067,1.7,hard cut,hard cut,personally inspected source frames n-3 through n+2 at 180x320; consecutive frame evidence,boundaries-12.jpg row 9; split file boundaries-12-2.jpg,that means bottles still available.,"Small white sans-serif with dark outline, generally near mid-frame/lower middle; phrase replacements; hook banner additionally at top until 6.4s",Finished reference only. Original human/stock/CGI origin and capture device not verified.
5312,Tap now,presenter,Presenter leans forward and points down toward bottom of frame,Downward pointing gesture,Align visible action with click location,YIX-090,177.067,5335,177.833,0.767,hard cut,hard cut,personally inspected source frames n-3 through n+2 at 180x320; consecutive frame evidence,boundaries-12.jpg row 10; split file boundaries-12-2.jpg,Tap it now.,"Small white sans-serif with dark outline, generally near mid-frame/lower middle; phrase replacements; hook banner additionally at top until 6.4s",Finished reference only. Original human/stock/CGI origin and capture device not verified.
5335,Two softgels before bed,product,Pouch standing on light surface with two golden softgels in front,Push toward pack/capsules,Reduce regimen to pack plus counted dose at close,YIX-091,177.833,5386,179.533,1.7,hard cut,hard cut,personally inspected source frames n-3 through n+2 at 180x320; consecutive frame evidence,boundaries-13.jpg row 1; split file boundaries-13-1.jpg,Two soft gels before bed.,"Small white sans-serif with dark outline, generally near mid-frame/lower middle; phrase replacements; hook banner additionally at top until 6.4s",Finished reference only. Original human/stock/CGI origin and capture device not verified.
5386,Three weeks,product,Hands hold pouch over lap/table in home,Small hand movement,Brief pack reminder on duration promise,YIX-092,179.533,5407,180.233,0.7,hard cut,hard cut,personally inspected source frames n-3 through n+2 at 180x320; consecutive frame evidence,boundaries-13.jpg row 2; split file boundaries-13-1.jpg,Three weeks.,"Small white sans-serif with dark outline, generally near mid-frame/lower middle; phrase replacements; hook banner additionally at top until 6.4s",Finished reference only. Original human/stock/CGI origin and capture device not verified.
5407,Your body will tell you,presenter,Same full-frame commentator concludes,Direct eye-line and speech,Close on human conviction; no separate static logo end-card,YIX-093,180.233,5484,182.8,2.567,hard cut,source ends,personally inspected source frames n-3 through n+2 at 180x320; consecutive frame evidence,boundaries-13.jpg row 3; split file boundaries-13-1.jpg,Your body gonna tell you everything you need to know.,"Small white sans-serif with dark outline, generally near mid-frame/lower middle; phrase replacements; hook banner additionally at top until 6.4s",Finished reference only. Original human/stock/CGI origin and capture device not verified.
