Hero SKU	Product Name	Shopify SKU Variants	Photo Link	Quantity	Weight (Grams)	Dimensions (LxWxH in CM)
VEL-CAM	The Camille Boat Tote - Navy	VEL-CAM-NVY	https://cdn.shopify.com/s/files/1/0627/4092/2433/files/01_9646591c-8d25-4eb1-b49d-2e477a5534e9.jpg	0	600	51x20x36
VEL-CAM	The Camille Boat Tote - Emerald Green	VEL-CAM-EMG	https://cdn.shopify.com/s/files/1/0627/4092/2433/files/06_0c66df7a-34f1-4429-933c-081c5989c6f2.jpg	0	600	51x20x36
VEL-CAM	The Camille Boat Tote - Lineman	VEL-CAM-LNM	https://cdn.shopify.com/s/files/1/0627/4092/2433/files/05_ef646075-79b4-49ec-a6e1-f4695b80a5e5.jpg	0	600	51x20x36
VEL-CAM	The Camille Boat Tote - Solid Navy (Limited Edition)	VEL-CAM-SNVY-LE	https://cdn.shopify.com/s/files/1/0627/4092/2433/files/navy_blue_53d5815b-0314-40bf-805a-f2472969bb96.webp	0	600	51x20x36
VEL-CAM	The Camille Boat Tote - Solid Olive Green (Limited Edition)	VEL-CAM-SOLV-LE	https://cdn.shopify.com/s/files/1/0627/4092/2433/files/olive_green_17312b00-3ff8-4f2e-ba92-05f013b0f498.webp	0	600	51x20x36
VEL-CAM	The Camille Boat Tote - Solid Red (Limited Edition)	VEL-CAM-SRED-LE	https://cdn.shopify.com/s/files/1/0627/4092/2433/files/red_1356bd3e-1f3d-4348-84e1-71a3f2df6324.webp	0	600	51x20x36
VEL-CAM	The Camille Boat Tote - Lady Pink	VEL-CAM-LPK	https://cdn.shopify.com/s/files/1/0627/4092/2433/files/03_5bc60b21-15d0-4c87-bed2-592fd29c7c9f.jpg	0	600	51x20x36
VEL-CAM	The Camille Boat Tote - Light Grey	VEL-CAM-LGY	https://cdn.shopify.com/s/files/1/0627/4092/2433/files/04_c3367773-1309-45ae-b592-f6c10162d907.jpg	0	600	51x20x36
VEL-CAM	The Camille Boat Tote - Red	VEL-CAM-RED	https://cdn.shopify.com/s/files/1/0627/4092/2433/files/02_aad8e48f-e49e-44f7-8071-3a0823d2ce21.jpg	0	600	51x20x36
VEL-CAM	The Camille Boat Tote - Sunny Yellow	VEL-CAM-SYL	https://cdn.shopify.com/s/files/1/0627/4092/2433/files/sunny_yellow_649c87ea-5552-4bbf-ad6b-1d8adeb3e83e.webp	0	600	51x20x36
VEL-CAM	The Camille Boat Tote - Solid Green (Limited Edition)	VEL-CAM-SGRN-LE	https://cdn.shopify.com/s/files/1/0627/4092/2433/files/dark_green_20e33b77-f7fa-43a3-81ee-2a673a4fa21c.webp	0	600	51x20x36
VEL-CAM	The Camille Boat Tote - Solid Pink (Limited Edition)	VEL-CAM-SPNK-LE	https://cdn.shopify.com/s/files/1/0627/4092/2433/files/pink_c374d455-41b5-412d-aaf8-6c61f8ad578f.webp	0	600	51x20x36
VEL-CAM	The Camille Boat Tote - Solid Orange (Limited Edition)	VEL-CAM-SORG-LE	https://cdn.shopify.com/s/files/1/0627/4092/2433/files/orange_da2c2225-4955-4460-94fa-493ec63e0383.webp	0	600	51x20x36
VEL-SOF	The Sofia Woven Tote - Caramel	VEL-SOF-CRM	https://cdn.shopify.com/s/files/1/0627/4092/2433/files/sofia-caramel-hero_b8a68e6c-3573-4cbf-aa9b-c32e5e50d038.png	0	500	30.5x15x24
VEL-SOF	The Sofia Woven Tote - Sky Blue	VEL-SOF-SKY	https://cdn.shopify.com/s/files/1/0627/4092/2433/files/sofia-sky-blue-hero_501d0d52-3d67-4e93-907f-4b9d7b135058.png	0	500	30.5x15x24
VEL-SOF	The Sofia Woven Tote - Lightning Orange	VEL-SOF-LOR	https://cdn.shopify.com/s/files/1/0627/4092/2433/files/sofia-lightning-orange-hero_68d9e890-8b1b-4312-8d75-10a152f8d237.png	0	500	30.5x15x24
VEL-SOF	The Sofia Woven Tote - Light Chocolate	VEL-SOF-LCH	https://cdn.shopify.com/s/files/1/0627/4092/2433/files/sofia-light-chocolate-hero_8def8b7b-5d11-43d7-92fa-d9e66634ebe6.png	0	500	30.5x15x24
VEL-SOF	The Sofia Woven Tote - Lady Pink	VEL-SOF-LPK	https://cdn.shopify.com/s/files/1/0627/4092/2433/files/sofia-lady-pink-hero_41b65c3b-3441-4cd4-ad39-3debe7ed86bb.png	0	500	30.5x15x24
VEL-SOF	The Sofia Woven Tote - Cream	VEL-SOF-CRE	https://cdn.shopify.com/s/files/1/0627/4092/2433/files/sofia-cream-hero_d9395cd8-08b7-442d-bf1d-7c2360946bb5.png	0	500	30.5x15x24
VEL-SOF	The Sofia Woven Tote - Sunny Yellow	VEL-SOF-SYL	https://cdn.shopify.com/s/files/1/0627/4092/2433/files/sofia-sunny-yellow-hero_09ad810a-e78b-4188-ba10-dba81cfef66b.png	0	500	30.5x15x24
VEL-SOF	The Sofia Woven Tote - Caban Black	VEL-SOF-CBK	https://cdn.shopify.com/s/files/1/0627/4092/2433/files/sofia-caban-black-hero_7b6c9fce-87e4-4dab-a786-c55659480812.png	0	500	30.5x15x24
VEL-MAR	The Margot Leather Tote - Brown	VEL-MAR-BRN	https://cdn.shopify.com/s/files/1/0627/4092/2433/files/margot-brown-hero.jpg	0	500	37x15x24
VEL-MAR	The Margot Leather Tote - Midnight Black	VEL-MAR-MBK	https://cdn.shopify.com/s/files/1/0627/4092/2433/files/margot-black-hero.jpg	0	500	37x15x24
VEL-MAR	The Margot Leather Tote - Coffee Brown	VEL-MAR-CFB	https://cdn.shopify.com/s/files/1/0627/4092/2433/files/margot-coffee-brown-hero.jpg	0	500	37x15x24
VEL-MAR	The Margot Leather Tote - Cream	VEL-MAR-CRE	https://cdn.shopify.com/s/files/1/0627/4092/2433/files/margot-cream-hero.jpg	0	500	37x15x24
VEL-MAR	The Margot Leather Tote - Taupe	VEL-MAR-TPE	https://cdn.shopify.com/s/files/1/0627/4092/2433/files/margot-taupe-hero.jpg	0	500	37x15x24
VEL-MAR	The Margot Leather Tote - Burgundy	VEL-MAR-BUR	https://cdn.shopify.com/s/files/1/0627/4092/2433/files/margot-burgundy-hero.jpg	0	500	37x15x24
VEL-ELE	The Eleanor Weekender - Light Chocolate	VEL-ELE-LCH	https://cdn.shopify.com/s/files/1/0627/4092/2433/files/hero1.webp	0	1300	46x18x37
VEL-ELE	The Eleanor Weekender - Army Green	VEL-ELE-AGR	https://cdn.shopify.com/s/files/1/0627/4092/2433/files/green1_86cf21f0-ff84-4f5a-8009-cb98c6a259f2.webp	0	1300	46x18x37
VEL-COL	The Colette Wool Tote - Caramel	VEL-COL-CRM	https://cdn.shopify.com/s/files/1/0627/4092/2433/files/colette-canonical-caramel-v3.png	0	TBC	50x18x26
VEL-COL	The Colette Wool Tote - Espresso	VEL-COL-ESP	https://cdn.shopify.com/s/files/1/0627/4092/2433/files/colette-v3-espresso-hero.png	0	TBC	50x18x26
VEL-ING	The Ingrid Top Handle Tote - Bordeaux Brown	VEL-ING-BDX	https://cdn.shopify.com/s/files/1/0627/4092/2433/files/ingrid-bordeaux-brown-hero.jpg	0	TBC	38x16x31
VEL-ING	The Ingrid Top Handle Tote - Midnight Black	VEL-ING-MBK	https://cdn.shopify.com/s/files/1/0627/4092/2433/files/ingrid-midnight-black-hero.jpg	0	TBC	38x16x31
VEL-ING	The Ingrid Top Handle Tote - Cognac	VEL-ING-CGC	https://cdn.shopify.com/s/files/1/0627/4092/2433/files/ingrid-cognac-hero.jpg	0	TBC	38x16x31
VEL-ORG	Velantra Bag Organizer - Small (8.66x4.5x5.3 in)	VEL-ORG-SM	https://cdn.shopify.com/s/files/1/0627/4092/2433/files/image_CIs.png	0	TBC	22x11.5x13.5
VEL-ORG	Velantra Bag Organizer - Medium (9.25x5.1x5.9 in)	VEL-ORG-MD	https://cdn.shopify.com/s/files/1/0627/4092/2433/files/image_CIs.png	0	TBC	23.5x13x15
VEL-ORG	Velantra Bag Organizer - Large (11.4x5.5x7.1 in)	VEL-ORG-LG	https://cdn.shopify.com/s/files/1/0627/4092/2433/files/image_CIs.png	0	TBC	29x14x18
VEL-SCF	Velantra Bag Scarf - Green Plant Leaf	VEL-SCF-GPL	https://cdn.shopify.com/s/files/1/0627/4092/2433/files/Untitled_image-Pacdora_36.png	0	TBC	TBC
VEL-SCF	Velantra Bag Scarf - Running Horse	VEL-SCF-RHS	https://cdn.shopify.com/s/files/1/0627/4092/2433/files/Untitled_image-Pacdora_37.png	0	TBC	TBC
VEL-SCF	Velantra Bag Scarf - Pink Jellyfish	VEL-SCF-PJF	https://cdn.shopify.com/s/files/1/0627/4092/2433/files/Untitled_image-Pacdora_34.png	0	TBC	TBC
VEL-SCF	Velantra Bag Scarf - Rice Flower	VEL-SCF-RFL	https://cdn.shopify.com/s/files/1/0627/4092/2433/files/Untitled_image-Pacdora_35.png	0	TBC	TBC
VEL-SCF	Velantra Bag Scarf - Brown Line	VEL-SCF-BLI	https://cdn.shopify.com/s/files/1/0627/4092/2433/files/Untitled_image-Pacdora_31.png	0	TBC	TBC
VEL-SCF	Velantra Bag Scarf - Checkered White	VEL-SCF-CKW	https://cdn.shopify.com/s/files/1/0627/4092/2433/files/Untitled_image-Pacdora_29_210e8e13-675d-483b-96ce-473423bc864e.png	0	TBC	TBC
VEL-SCF	Velantra Bag Scarf - Little Emerald Flower	VEL-SCF-LEF	https://cdn.shopify.com/s/files/1/0627/4092/2433/files/Untitled_image-Pacdora_30.png	0	TBC	TBC
VEL-SCF	Velantra Bag Scarf - Plain Dot	VEL-SCF-PDT	https://cdn.shopify.com/s/files/1/0627/4092/2433/files/Untitled_image-Pacdora_28.png	0	TBC	TBC
VEL-SCF	Velantra Bag Scarf - White Lined	VEL-SCF-WLN	https://cdn.shopify.com/s/files/1/0627/4092/2433/files/Untitled_image-Pacdora_27.png	0	TBC	TBC
VEL-SCF	Velantra Bag Scarf - White Striped	VEL-SCF-WST	https://cdn.shopify.com/s/files/1/0627/4092/2433/files/Untitled_image-Pacdora_32.png	0	TBC	TBC
VEL-SCF	Velantra Bag Scarf - Black Lined	VEL-SCF-BLN	https://cdn.shopify.com/s/files/1/0627/4092/2433/files/Untitled_image-Pacdora_25.png	0	TBC	TBC
VEL-CHM-HRS	Velantra Horse Charm - Brown	VEL-CHM-HRS-BRN	https://cdn.shopify.com/s/files/1/0627/4092/2433/files/Untitled_image-Pacdora_1.png	0	TBC	TBC
VEL-CHM-HRS	Velantra Horse Charm - Dark Brown	VEL-CHM-HRS-DBR	https://cdn.shopify.com/s/files/1/0627/4092/2433/files/Untitled_image-Pacdora_3.png	0	TBC	TBC
VEL-CHM-HRS	Velantra Horse Charm - Crimson	VEL-CHM-HRS-CRI	https://cdn.shopify.com/s/files/1/0627/4092/2433/files/Untitled_image-Pacdora_2.png	0	TBC	TBC
VEL-CHM-HRS	Velantra Horse Charm - Matte	VEL-CHM-HRS-MAT	https://cdn.shopify.com/s/files/1/0627/4092/2433/files/Untitled_image-Pacdora.png	0	TBC	TBC
VEL-CHM-HRS	Velantra Horse Charm - Verdant	VEL-CHM-HRS-VRD	https://cdn.shopify.com/s/files/1/0627/4092/2433/files/horse_charm_hero.png	0	TBC	TBC
VEL-CHM-CHY	Velantra Cherry Charm - Cherry Red	VEL-CHM-CHY-CHR	https://cdn.shopify.com/s/files/1/0627/4092/2433/files/cherry_charm_hero.png	0	TBC	TBC
VEL-CHM-CHY	Velantra Cherry Charm - Midnight Black	VEL-CHM-CHY-MBK	https://cdn.shopify.com/s/files/1/0627/4092/2433/files/image_PG2.png	0	TBC	TBC
VEL-CHM-CHY	Velantra Cherry Charm - Lady Pink	VEL-CHM-CHY-LPK	https://cdn.shopify.com/s/files/1/0627/4092/2433/files/image_HB8.png	0	TBC	TBC
VEL-KEY	Boat Tote Keychain - Navy	VEL-KEY-NVY	https://cdn.shopify.com/s/files/1/0627/4092/2433/files/boat_tote_chain_1.png	0	TBC	TBC
VEL-KEY	Boat Tote Keychain - Red	VEL-KEY-RED	https://cdn.shopify.com/s/files/1/0627/4092/2433/files/boat_tote_chain_2.png	0	TBC	TBC
VEL-KEY	Boat Tote Keychain - Emerald Green	VEL-KEY-EMG	https://cdn.shopify.com/s/files/1/0627/4092/2433/files/boat_tote_chain_3.png	0	TBC	TBC
VEL-KEY	Boat Tote Keychain - Lady Pink	VEL-KEY-LPK	https://cdn.shopify.com/s/files/1/0627/4092/2433/files/boat_tote_chain_4.png	0	TBC	TBC
VEL-KEY	Boat Tote Keychain - Faded Blue	VEL-KEY-FBL	https://cdn.shopify.com/s/files/1/0627/4092/2433/files/boat_tote_chain_45.png	0	TBC	TBC
VEL-KEY	Boat Tote Keychain - Lineman	VEL-KEY-LNM	https://cdn.shopify.com/s/files/1/0627/4092/2433/files/boat_tote_chain_6.png	0	TBC	TBC
