key,title,priority,products,instinct,motive,evidence,finding,application,counter,test,gap
new_brand,The new brand worth discovering,Test first,"Brand collection; Vivienne, Delphine, Portico and Rosalie as distinct design entry points","Status, individuality, control",[INFERRED] Find something that expresses personal taste before it becomes the obvious choice.,"[""igc:18402435172150392"", ""ttc:7540232524867044118"", ""igc:18023654878488966""]","The useful discovery tension is recognition versus distinction. One viewer explicitly rejects carrying what everyone else carries; another finds an unfamiliar brand attractive but questions its leather quality because the price is low. A third objects that supposedly underrated designs look too much like copies. Together these comments suggest that unfamiliarity can open interest, but cannot itself close trust.","Lead the test with a desirable, distinctive bag and the pleasure of having found it. Explain the relevant design choices and show why this particular model belongs in the buyer’s wardrobe. A collection-level route can let shoppers choose their shape, while a model-level route can give more convincing detail. The same new-brand introduction should not be repeated word for word across every bag.","“Everyone is buying from us” and “the fastest-growing luxury brand” need Velantra-specific evidence. Newness is not proof of popularity, originality or quality. Preserve a route for buyers who already love established designers rather than assuming they want to renounce them.","Compare discovery-led messaging with outfit-elevation messaging using the same product, offer and destination. Read purchase efficiency and product engagement alongside hook rate; a curiosity click is not evidence that the buyer trusts the brand.","Need owned-customer answers to where they first heard of Velantra, what made it credible, and what almost stopped the first order."
founder,Founder origin and the reason the brand exists,Founder-led hypothesis,"Brand-level collection story, then a named model","Trust, belonging, control",[INFERRED] Feel comfortable buying from a real person with a coherent reason to make the product.,"[""igc:18107526293010575""]","The supplied ARNTREAL reference is a founder introduction built around an earlier failed US launch, a renewed attempt, commercial momentum and a product demonstration. Those are assertions in the creator’s automatic transcript, not independently verified business results. The comments retrieved here are much thinner as evidence that founder biography itself causes purchase.","Velantra’s existing brand instructions identify Brooks as founder and connect the origin to sailing and three generations of women in his family. Use that documented narrative as a potential trust mechanism. The relevant research question is which true detail helps a shopper understand the design and value, rather than which competitor’s growth number sounds impressive.","The comment shown below speculates about the reference founder’s wealth by multiplying orders and prices. That arithmetic is not net worth, profit or an audited revenue figure. It is included to show how public scale claims can shift attention from the product to the founder’s money.","Compare a concise founder explanation with a product-led introduction after the same aspirational opening. Track whether first-time visitors explore the brand and product details, and whether purchase conversion improves. Do not treat founder-video engagement alone as validation.",Direct customer language about founder trust is sparse. Add an owned post-purchase question about whether the founder story mattered and which detail was remembered.
designer_spend,Stop spending designer money,Test first with a positive destination,Brand collection; specific model selected for the buyer’s desired silhouette,"Control, status, self-respect",[INFERRED] Keep the feeling of dressing well while choosing a price that feels justified.,"[""ttc:7238890847571854107"", ""ttc:7232883425286783790"", ""ttc:7652538901458699030""]","“Affordable” is relative to the audience’s own budget. Viewers on a quiet-luxury recommendation video expected a much lower range and challenged the remaining expense. Conversely, a buyer defending an eight-year-old designer purchase describes earned money and emotional attachment. The opportunity is selective spending, not a universal rejection of designer ownership.",Establish the desired look first and connect the price to the named Velantra product. Research two distinct reasons to choose it: freedom from a prestige premium and confidence that a smaller purchase can still satisfy the style brief. Keep a person who owns designer pieces inside the audience rather than making her prior choices the enemy.,"The supplied Db9QfF-zVhz reference actually encourages spending on less-obvious Bottega models. It is evidence for discernment within designer shopping, not straightforward designer abandonment. Competitor price points in posts and transcripts are historical creator statements, not current verified comparisons.",Separate a price-rejection message from a positive value message. Keep the actual product and offer constant. Check whether lower-price language improves purchases or merely attracts visitors whose quality concerns remain unresolved.,Need current Velantra price verification and owned explanations of the price-quality tradeoff before producing comparison claims.
old_money,The old-money look without overspending,"Test as an aesthetic, with counterevidence","Vivienne, Delphine, Ingrid, Eleanor; material-led variants for Colette and Juliette","Status, belonging, attractiveness",[INFERRED] Look composed and established without needing a conspicuous logo.,"[""ttc:7218355825714660142"", ""igc:18137552257523781"", ""igc:18096408290529372""]","There is explicit enthusiasm for the quiet-luxury non-logo look, but also an articulate defense of logos and personal styling. The disagreement is valuable: aesthetic preference is conditional, not a ladder on which one customer is objectively classier than another. Some interest is in a restrained visual effect; some is resistance to fashion rules.","Define the look through a selected silhouette, styling and palette. For each model, explain the contribution to the outfit rather than promising membership in a social class. Make value the supporting reason the viewer can act on the aspiration. Keep the appeal legible to someone who does not use the phrase old money.","Old-money styling does not establish inherited wealth, a European origin, a historic company or superior character. A logo-free product can still be perceived as cheap if its shape, materials or styling do not convince. Do not turn one commenter’s preference into a universal rule.",Compare explicit old-money wording with plain-language descriptions of the same desired look. A stronger response to the visual treatment may coexist with fatigue toward the phrase. Judge the wording separately from the product image.,"Need customer descriptions of what “expensive-looking” means for each model, with concrete details rather than adjectives alone."
european_style,European style in an everyday wardrobe,Test as visual taste,"Delphine, Vivienne, Juliette, Portico and Ingrid","Attractiveness, cultural belonging, individuality",[INFERRED] Bring a admired style sensibility into ordinary dressing without needing the trip.,"[""ttc:7644161713147724557"", ""ttc:7628376001387184918"", ""ttc:7627595535117796118""]","The seed creator’s European-bag transcript emphasizes subtle branding, shape and city-specific taste. An audience member on related content describes being asked about uncommon bags. Other viewers claiming Paris experience reject broad claims about what Parisians do. This creates a useful distinction between an aesthetic invitation and a factual claim about an entire population.","Explore an everyday European-inspired styling route with a named bag and specific outfit context. Paris, Milan and London should not be interchangeable labels attached to the same creative. The promise can be a desired styling effect available at home; no travel purchase is required.","Velantra’s current internal brand instructions identify manufacturing in China. European visual references do not authorize European manufacture, an Italian atelier, heritage-house status or a claim that local women prefer Velantra. Automatic transcripts also misrecognize some brand names and cannot verify brand history.",Compare a city-specific style entry with an everyday outfit entry. Keep the product consistent and assess whether the location language clarifies taste or creates origin expectations that the product page cannot support.,Need first-party responses to which visual details evoke the intended style and whether location language is useful or distracting.
euro_trip,The European fall-trip wardrobe,Seasonal test with a clear travel job,Eleanor for travel; a separately chosen daily bag such as Delphine or Portico,"Anticipation, belonging, control",[INFERRED] Arrive looking like the version of oneself imagined when planning the trip.,"[""igc:17905805871303169"", ""igc:17897516991661355"", ""ttc:7666995620461511437""]","The supplied Europe-in-fall transcript distinguishes packing for Paris, Milan and London and names a daily bag as part of the wardrobe. Viewer destination replies show participation in the travel context, but are weak evidence of a specific handbag purchase. In expanded travel discussion, a strongly liked reply recommends a backpack instead. That opposition reveals a comfort tradeoff that stylish-travel messaging has to respect.","Keep the trip aspiration primary: coordinated outfits, a desirable silhouette and a bag that belongs in the imagined experience. Separate the transit bag from the daily walking bag. An Eleanor test should show an appropriate travel role; a smaller day-bag test should answer a different wardrobe need.","Do not claim airline acceptance, theft prevention, walking comfort or a packing capacity from these comments. A single bag need not solve the airport, sightseeing and dinner use cases simultaneously. Fall is the immediate occasion; the deeper motive is confidence in a carefully chosen travel wardrobe.","Compare the seasonal destination entry against an evergreen stylish-travel entry. Measure purchases during the relevant booking and travel window, then retain the travel insight even if the seasonal wording expires.","Need trip dates, packed weight, actual carried items and observed customer comfort to substantiate functional claims."
outfit_upgrade,The bag that changes the outfit,Test first,"Across the range; distinguish structure, softness, texture, scale and color by model","Attractiveness, status, self-expression",[INFERRED] Make an outfit feel intentional through one visible choice.,"[""igc:18087058910449249"", ""igc:17962062761880693"", ""igc:18066253277468059""]","The most useful language connects a bag to styling: one viewer says logo-heavy bags harmed rather than elevated her outfit, another asks to see bags styled, and another anticipates styling a new purchase. These are different forms of evidence—personal retrospective, request for demonstration and purchase excitement—but all make the outfit relationship explicit.","Use this as a flexible creative platform rather than repeating an identical claim across products. A structured top handle, a softer tote and a woven bag should have different wardrobe jobs. The research should guide which styling contrast to demonstrate and which detail the viewer is meant to notice.","The supplied Dcygr_ux63y reference is about jeans that look expensive, not a bag-specific before-and-after. It is useful adjacent fashion language but cannot establish a handbag effect. Avoid shaming the current outfit or presuming that viewers are insecure.","Test a styling demonstration against a standalone product presentation, keeping the same model and offer. Compare product interest and purchase behavior, and use comments to identify which styling detail viewers actually understood.",Need customer outfit examples and exact descriptions of the change they perceive; do not invent transformation testimonials.
social_judgment,"Social judgment, attraction and personal approval",Exploratory; opposition is central,Specific styled model; brand-level confidence theme if supported,"Belonging, attractiveness, autonomy",[INFERRED] Feel pleased with how one is seen while retaining authority over one’s own taste.,"[""ttc:7668086579609928456"", ""ttc:7668179307797922591"", ""ttc:7677307822127809302""]","The supplied TikTok directly invites bag judgment, yet viewers do not simply accept the premise. Some treat it as comedy, some defend their own bags, and some tell women to ignore the creator. This is evidence of a polarizing format and a conversation about taste. It does not demonstrate that men broadly judge women’s bags, that women agree with them, or that this fear drives purchases.","Keep the research angle available as requested, but test the underlying confidence and distinctiveness motives separately from a male-approval premise. Positive attraction, pride in an outfit and compliments are different ideas from fear of being judged. They should have separate evidence records and tests.","The Instagram Dbdnok1ttWG and supplied TikTok appear to be the same creator’s bag-rating concept. Treat them as related exposure, not two independent replications. Likes on jokes and insults are not purchase-intent measurements or a reliable indication of the commenter’s gender.","If tested, compare personal-taste confidence with the judgment frame using matched product and offer conditions. Monitor sentiment and purchase efficiency together. A high hook rate accompanied by hostile discussion is not sufficient evidence of a useful business result.","Need owned qualitative evidence about compliments, self-confidence and outside approval; broad gender beliefs remain unverified."
markup_skepticism,The handbag scam and industry-markup narrative,Research hypothesis; factual claims unverified,Brand value explanation paired with a named model,"Control, fairness, competence",[INFERRED] Avoid feeling manipulated and understand what the money is buying.,"[""igc:17899750635540522"", ""ttc:7661758476116542211"", ""ttc:7527013022997725983""]","The corpus contains several distinct complaints that should not be collapsed: skepticism about artificial scarcity, dissatisfaction with a particular price, and fear of being deceived in resale. The quoted scarcity comment questions a numbered production story; the price comment compares a specific preloved purchase; the resale comment expresses fear after a reported bad experience. None proves an industry-wide conspiracy.","Treat “handbag scam” as a research branch with explicit claim requirements. A potentially useful direction is transparent value: material, construction, price and a clear reason to believe the seller. The emotional payoff is discernment. A conspiracy-style execution would require a separately researched, accurate factual premise before it could responsibly assert wrongdoing.","The supplied DcqPNjLOTOh URL is captioned as alternatives to Loro Piana shoes, with only a very short automatic transcript. The X reference was inaccessible in this pass. Neither supplies the expected handbag-industry evidence. Consumer allegations remain allegations, and manufacturing claims repeated in comments remain unverified.","Separate distrust of brand pricing from distrust of the seller. Compare an explanation of value with a skeptical opening, then inspect whether the latter raises further authenticity and fulfillment concerns. Do not count outrage as confidence in Velantra.","Need verified evidence for any production-cost, margin, shared-factory, labor, scarcity or industry-ownership assertion."
quality_material,Material quality as the reason to believe,Essential supporting proof,"Every model, with its own verified materials and construction","Control, comfort, pride",[INFERRED] Enjoy the bag while feeling confident that the purchase was sound.,"[""ttc:7681170701168624406"", ""ttc:7681369201327784735"", ""igc:17880270921285909""]","Leather versus synthetic material is a visible flashpoint in both platforms’ bag conversations. The strongest comments use direct rejection and relief rather than generic praise. That provides vocabulary for objections, but not a license to claim all customers dislike non-leather bags. Material preferences also vary by the product’s intended visual and practical role.","Use the exact material of the selected Velantra variant. Show construction details that answer the uncertainty a shopper actually expresses. For woven, wool or suede-led products, explain the relevant appeal on its own terms rather than borrowing a leather-bag proof stack. Quality should support the attractive result the viewer wants.","A product name, a creator’s compliment or a close-up cannot establish lifespan, leather grade or equivalence to an expensive designer product. The corpus includes promotional-looking endorsements; those are separately flagged and excluded from the curated argument. First-person claims in comments are still not verified purchases.","Within each model, compare a general quality statement with specific, substantiated detail. Track whether material questions and hesitation decline. Avoid a cross-product test in which price, silhouette and material all change together.",Need current product-specific material documentation and real-use evidence before durability or quality-parity language is produced.
logo_independence,Personal taste beyond the visible logo,Test first with choice-respecting language,Models whose actual selected variant supports understated branding,"Individuality, status, autonomy",[INFERRED] Be recognized for taste rather than for carrying the obvious label.,"[""igc:18397838617080958"", ""ttc:7649876425869001503"", ""ttc:7628077007754511136""]","Some viewers dislike conspicuous logos; others dislike seeing the same bag repeated across their feeds. Those motives overlap but are not identical. A logo-free bag can still feel overexposed, while a recognizable designer piece can still express someone’s personal taste. Related comments also challenge performative behavior such as hiding a logo on a bag one chose to buy.","Position the selected design through its silhouette and relationship to the outfit. The useful identity is discernment and enjoyment, not contempt for people who choose visible branding. Show why the specific model earns attention even when the brand name is unfamiliar.","Do not label every product in the range logo-free without checking the actual product and variant. Do not borrow scarcity, insider status or craftsmanship claims from established houses. Low recognition is not automatically originality, and the new-brand chapter records concern about close imitation.","Compare individuality language against material/value language within the same model. Watch whether viewers ask about the product itself, not only whether they agree with the cultural opinion. Preserve comments defending logos as evidence of segmentation.",Need owned descriptions of why customers chose a particular silhouette and whether branding influenced the choice.
seasonal_woven,Seasonal texture and the coveted summer or fall bag,Product-specific seasonal route,Sofia and Camille for relevant summer styling; Colette and Juliette for their named seasonal textures,"Anticipation, attractiveness, belonging",[INFERRED] Make the wardrobe feel right for the season through a desirable texture or silhouette.,"[""igc:18025389227284231"", ""igc:17880819054074195"", ""ttc:7652406067875922702""]","The seed set is rich in summer-bag recommendations, but comment volume is heavily affected by link-request prompts. The Coach straw-bag unboxing brings both attraction and skepticism: a highly liked joke compares the texture to a cat scratcher, and another viewer objects to packaging at the price. Expanded discussion questions paying a high price for raffia. Desire and material-value resistance coexist.",Distinguish visual texture from a functional promise. Sofia should have its own styling world and reasons to choose it; Colette and Juliette need different material and outfit discussions. A seasonal wrapper can create timeliness while the deeper reason remains the look and the pleasure of wearing it.,The creator’s “bag of the summer” label is not a verified sales ranking. A joke about one straw bag is not evidence about Velantra’s construction. Do not transfer a leather preference mechanically into a woven-product verdict.,Compare the seasonal phrase with an evergreen outfit-led entry using the same texture and styling. Track whether interest persists outside the immediate season and whether price/material questions are answered by the detail page.,"Need product-specific reactions to texture, appearance, care and real use; broad seasonal demand is not established by this convenience sample."
work_polish,The polished work bag,Test with demonstrated fit,"Meridian, Ingrid and Camille as research candidates; verify the actual model’s role","Competence, attractiveness, comfort",[INFERRED] Look capable and put together without creating a daily carrying problem.,"[""igc:18514053802069049"", ""igc:18210453211315923"", ""ttc:7681050295510401805""]",Laptop-fit questions recur in relevant bag conversations and provide a concrete decision criterion. These questions are stronger evidence of a practical evaluation need than a generic compliment. They do not identify a universal laptop size or prove that a particular Velantra bag can accommodate it. The stylish-work opportunity needs both an attractive appearance and credible fit.,"Give each model a clear wardrobe role and then demonstrate the actual carried setup. A work-bag test can begin with polish, with interior access, closure and fit supplying confidence. Avoid using a giant travel bag and a daily tote as if they answer the same commute brief.","The corpus also includes defense of backpacks for comfort and balance. That is a reason to scope the claim honestly, not to say every professional should abandon a backpack. Men’s-style comments and women’s handbag comments are related category evidence, not interchangeable demographic proof.",Compare a styled work-day presentation with the same bag’s verified packed setup. Hold the product and audience constant. Evaluate whether unanswered fit questions decline and whether visitors select the intended model.,"Need verified dimensions, device sizes, loaded weight, closure behavior and customer reports of carrying comfort for each product."
travel_scale,The chic large bag and elevated travel set,Test with a defined carrying role,Eleanor as primary candidate; Camille as a different everyday-carry hypothesis,"Anticipation, attractiveness, control","[INFERRED] Feel stylish and prepared when leaving, without struggling with the load.","[""igc:17894501553327620"", ""igc:18082466561406899"", ""ttc:7667194658187297549""]",Large-bag appeal is not simply maximum capacity. Viewers notice how a bag works with luggage and whether carrying it is comfortable. A commenter identifies the only option with a suitcase sleeve; others favor backpacks for practical reasons. Those objections help define where an aspirational large-bag message is credible and where it overreaches.,"Lead with the look of the trip and the pleasure of carrying the selected model. Then answer its real carrying job with verified evidence. Treat a travel set, a weekend bag and a daily walking bag as distinct propositions. The word “everything” obscures rather than clarifies what a shopper needs to know.","The prior men’s research is retained, but its observed shift in comment themes does not establish that a gender objection disappeared across the market. The new corpus still contains strong practical defense of backpacks. Capacity and carrying style have to be assessed with the exact product.",Compare a stylish-travel entry with a packing-led entry after the same aspirational opening. Use the same load when comparing demonstrations. Measure whether the message attracts the appropriate use case and does not create unsupported carry-on expectations.,"Need exact capacity demonstrations, current carrier constraints when referenced, and loaded-use evidence. This report makes no airline-compatibility claim."
gifting,A gift that reflects the recipient’s taste,Exploratory; direct evidence is thin,A named bag suited to the recipient; scarf and charms as separate add-on hypotheses,"Belonging, care, pride",[INFERRED] Give something the recipient feels pleased to wear and chosen for.,"[""ttc:7652857751300801302"", ""igc:18368032459243398"", ""igc:18046041050572605""]","The bag-specific evidence includes a viewer who came to love a model after receiving it, a seasonal wish-list reaction and a birthday-bag mention. This supports keeping gifting in the research map, but not elevating it to a proven major motive. Several supplied gifting references concern fragrance or jewelry; their attraction language should not be counted as handbag-customer evidence.","Explore recipient taste and the feeling of being understood. A bag, scarf or charm should not be treated as a universally safe gift. Match the intended recipient’s style and keep product-selection help distinct from persuasion aimed at the wearer buying for herself.","A commenter mentioning a husband or boyfriend does not establish that male approval drove the purchase. Self-reported gifts are not verified orders, and their satisfaction cannot be transferred to Velantra. Shipping deadlines, packaging and returns need current evidence before they become part of an offer.","Test gift selection separately from self-purchase messaging around a relevant occasion. Track recipient/model fit and post-purchase feedback, rather than assuming that a gift-focused hook proves a gifting market.","Need owned gift-order identification, recipient feedback, desired packaging and reasons the giver chose a particular product."
purchase_trigger,"Stock, newness, social proof and the final decision",Conversion support; verify every offer fact,"Product and variant-specific, across the range","Control, anticipation, trust",[INFERRED] Act on a desired purchase when availability and the seller’s promise feel dependable.,"[""igc:18114321833006180"", ""igc:18124446868802964"", ""ttc:7527074752147587895""]","Stock and review language can reveal friction rather than enthusiasm. Viewers report a canceled order, an availability mismatch and reluctance to trust a seller that repeatedly appears in the feed. Those are unverified individual reports about other sellers, but they show the kinds of uncertainty that can interrupt an otherwise attractive product choice.","Use actual availability, accurate variant information and accessible proof to support the decision. Social proof needs to answer whether the shopper can trust the product and seller. A back-in-stock or new-color message is a trigger attached to a desire already present, not an independent deep motive.","Competitor review totals, media mentions, growth figures and sellout claims cannot become Velantra claims. Link requests are not verified customers. A displayed stock label and a comment allegation can disagree; report the disagreement rather than adjudicating a seller’s conduct from the thread.","Evaluate clarity of availability and proof separately from urgency wording. Track failed expectations, cancellations and customer questions as well as purchases. A more urgent message is not an improvement if it creates an inaccurate delivery expectation.","Need live stock and delivery information, verified owned reviews and current policies. No present-tense offer or fulfillment claim is approved by this research."
