report_source_id,post_id,creator,published_at,url
P0233,ig:DbC9Gy4AcNq,imthatlee,2026-07-21T07:14:46.000Z,https://www.instagram.com/p/DbC9Gy4AcNq/
P0457,ig:DdAxBh7A_SN,nuamore,2026-09-08T03:53:30.000Z,https://www.instagram.com/p/DdAxBh7A_SN/
P0129,ig:DY9scFmAKgj,ftlbags,2026-05-30T13:10:08.000Z,https://www.instagram.com/p/DY9scFmAKgj/
P0220,ig:Db6oIeWAYmk,jaxxon,2026-08-11T22:08:58.000Z,https://www.instagram.com/p/Db6oIeWAYmk/
P0359,ig:DcRniFMSK53,pearledivory,2026-08-20T20:26:25.000Z,https://www.instagram.com/p/DcRniFMSK53/
P0038,ig:DR1QtjoAEn-,duppescents,2025-12-04T06:54:10.000Z,https://www.instagram.com/p/DR1QtjoAEn-/
P0164,ig:Da2-DkKAmcW,aureum.collective,2026-07-16T15:32:11.000Z,https://www.instagram.com/p/Da2-DkKAmcW/
P0186,ig:DadLewIAJXZ,nuamore,2026-07-06T15:09:14.000Z,https://www.instagram.com/p/DadLewIAJXZ/
P0157,ig:DZmq1zHAIp-,vellatini,2026-06-15T11:05:02.000Z,https://www.instagram.com/p/DZmq1zHAIp-/
P0333,ig:DcJd0Y5AGgb,trevor_cross1,2026-08-17T16:27:27.000Z,https://www.instagram.com/p/DcJd0Y5AGgb/
P0159,ig:DZpphJ8sdwB,pureform.eu,2026-06-16T14:51:12.000Z,https://www.instagram.com/p/DZpphJ8sdwB/
P0175,ig:DaAQeKXMGaz,arntreal.co,2026-06-25T09:34:52.000Z,https://www.instagram.com/p/DaAQeKXMGaz/
P0215,ig:Db4ULqGMNoU,cascalia_,2026-08-11T00:36:10.000Z,https://www.instagram.com/p/Db4ULqGMNoU/
P0458,ig:DdAxBmQA9cG,nuamore,2026-09-08T03:53:31.000Z,https://www.instagram.com/p/DdAxBmQA9cG/
P0212,ig:Db3WsbVAe09,carlfriedrik,2026-08-10T15:38:52.000Z,https://www.instagram.com/p/Db3WsbVAe09/
P0257,ig:DbZVk6fg-RU,onequince,2026-07-29T23:51:53.000Z,https://www.instagram.com/p/DbZVk6fg-RU/
P0435,ig:Dcu1WXmAhPq,onequince,2026-09-01T04:44:58.000Z,https://www.instagram.com/p/Dcu1WXmAhPq/
P0329,ig:DcFmN-agPC0,klonescents,2026-08-16T04:23:53.000Z,https://www.instagram.com/p/DcFmN-agPC0/
P0044,ig:DSWB_i_ALqB,duppescents,2025-12-17T00:20:30.000Z,https://www.instagram.com/p/DSWB_i_ALqB/
P0237,ig:DbFo_S9gMpk,vellatini,2026-07-22T08:16:42.000Z,https://www.instagram.com/p/DbFo_S9gMpk/
P0169,ig:Da4Lm_EjYuz,vellatini,2026-07-17T02:50:12.000Z,https://www.instagram.com/p/Da4Lm_EjYuz/
P0261,ig:DbbRz2SgFfY,jaxxon,2026-07-30T17:57:27.000Z,https://www.instagram.com/p/DbbRz2SgFfY/
P0227,ig:Db9N0Ptgfds,steffieinthecity,2026-08-12T22:19:45.000Z,https://www.instagram.com/p/Db9N0Ptgfds/
P0152,ig:DZLA4ilxHv0,wear_this_next,2026-06-04T17:20:12.000Z,https://www.instagram.com/p/DZLA4ilxHv0/
P0208,ig:Dax_hKCgyw-,wear_this_next,2026-07-14T17:10:33.000Z,https://www.instagram.com/p/Dax_hKCgyw-/
P0444,ig:DcwbazQg351,wear_this_next,2026-09-01T19:43:42.000Z,https://www.instagram.com/p/DcwbazQg351/
P0172,ig:Da7-1Qcgcb3,wear_this_next,2026-07-18T14:15:36.000Z,https://www.instagram.com/p/Da7-1Qcgcb3/
P0046,ig:DU9KqzjDH7Y,zaprada_store,2026-02-19T22:09:29.000Z,https://www.instagram.com/p/DU9KqzjDH7Y/
P0036,ig:DQ4SzAXAPfT,luckyfours,2025-11-10T14:38:43.000Z,https://www.instagram.com/p/DQ4SzAXAPfT/
P0361,ig:DcRsKHHBW45,classofpalmbeach,2026-08-20T21:11:30.000Z,https://www.instagram.com/p/DcRsKHHBW45/
P0344,ig:DcMeCLRsyaD,cuts,2026-08-18T20:27:03.000Z,https://www.instagram.com/p/DcMeCLRsyaD/
P0383,ig:Dca7KajMIAb,dukedexter,2026-08-24T11:10:57.000Z,https://www.instagram.com/p/Dca7KajMIAb/
P0127,ig:DY0AIjaDDbi,sophiakianni,2026-05-26T18:49:50.000Z,https://www.instagram.com/p/DY0AIjaDDbi/
P0372,ig:DcWLvteqezx,iamsaraouardii,2026-08-22T15:01:36.000Z,https://www.instagram.com/p/DcWLvteqezx/
P0241,ig:DbIInIlg7JS,parknoire.co,2026-07-23T07:31:30.000Z,https://www.instagram.com/p/DbIInIlg7JS/
P0182,ig:DaT5VIfs6Sq,finnlately,2026-07-03T00:38:39.000Z,https://www.instagram.com/p/DaT5VIfs6Sq/
P0194,ig:Dah9EpQsKIZ,iamsaraouardii,2026-07-08T11:40:52.000Z,https://www.instagram.com/p/Dah9EpQsKIZ/
P0343,ig:DcMSxrogpFQ,brodo.vordo,2026-08-18T18:48:41.000Z,https://www.instagram.com/p/DcMSxrogpFQ/
P0171,ig:Da5oc5RsU9L,satchelandpage,2026-07-17T16:21:07.000Z,https://www.instagram.com/p/Da5oc5RsU9L/
P0179,ig:DaMvEUjgr3o,klonescents,2026-06-30T05:53:07.000Z,https://www.instagram.com/p/DaMvEUjgr3o/
P0245,ig:DbLcoPLgWMl,classicalwaves,2026-07-24T14:24:09.000Z,https://www.instagram.com/p/DbLcoPLgWMl/
P0453,ig:DczLYq1goao,steffieinthecity,2026-09-02T21:15:52.000Z,https://www.instagram.com/p/DczLYq1goao/
P0225,ig:Db8yT45gqOr,mikeandmack,2026-08-12T18:16:23.000Z,https://www.instagram.com/p/Db8yT45gqOr/
P0211,ig:Db3WsbQAX9Z,carlfriedrik,2026-08-10T15:38:52.000Z,https://www.instagram.com/p/Db3WsbQAX9Z/
P0204,ig:Dar2qW7mTIW,shopvestirsi,2026-07-12T07:55:01.000Z,https://www.instagram.com/p/Dar2qW7mTIW/
P0174,ig:Da8Z4g3MwcJ,the___gloss,2026-07-18T18:12:15.000Z,https://www.instagram.com/p/Da8Z4g3MwcJ/
P0141,ig:DYwfKoko68c,valeri_yutsik,2026-05-25T10:07:31.000Z,https://www.instagram.com/p/DYwfKoko68c/
P0368,ig:DcVWv7ZAfvN,klonescents,2026-08-22T07:16:34.000Z,https://www.instagram.com/p/DcVWv7ZAfvN/
P0002,ig:C6tk06ngawl,shopcasalina,2024-05-08T15:13:57.000Z,https://www.instagram.com/p/C6tk06ngawl/
P0195,ig:Dai_VLvz_X3,styledbyflorencia,2026-07-08T21:19:35.000Z,https://www.instagram.com/p/Dai_VLvz_X3/
P0385,ig:Dcb0yYByhb-,jilynnelizabeth,2026-08-24T19:36:15.000Z,https://www.instagram.com/p/Dcb0yYByhb-/
P0205,ig:DatCxJkhVij,emesegormley,2026-07-12T19:00:06.000Z,https://www.instagram.com/p/DatCxJkhVij/
P0349,ig:DcOkDmFOC7I,selloutartist_,2026-08-19T15:59:08.000Z,https://www.instagram.com/p/DcOkDmFOC7I/
P0280,ig:DbvWK7jAGj7,alemi.zurich,2026-08-07T13:03:24.000Z,https://www.instagram.com/p/DbvWK7jAGj7/
P0489,ig:DdGCbRPAOa4,sophia.cares,2026-09-10T05:01:46.000Z,https://www.instagram.com/p/DdGCbRPAOa4/
P0189,ig:DafJssRqF_i,nidsfitz,2026-07-07T09:33:10.000Z,https://www.instagram.com/p/DafJssRqF_i/
P0235,ig:DbEHV44MYoJ,alexxcoll,2026-07-21T18:05:49.000Z,https://www.instagram.com/p/DbEHV44MYoJ/
P0136,ig:DYaSFa9tmVC,bethansowerbyy,2026-05-16T19:10:10.000Z,https://www.instagram.com/p/DYaSFa9tmVC/
P0255,ig:DbZB7wJjWEV,beis,2026-07-29T23:00:56.000Z,https://www.instagram.com/p/DbZB7wJjWEV/
P0396,ig:DcgfD_ejl4-,beis,2026-08-26T17:02:31.000Z,https://www.instagram.com/p/DcgfD_ejl4-/
P0253,ig:DbUtXy0t5oJ,suly_home_lifestyle,2026-07-28T04:46:49.000Z,https://www.instagram.com/p/DbUtXy0t5oJ/
P0155,ig:DZcUsnzOvDB,marina_didovich,2026-06-11T10:44:14.000Z,https://www.instagram.com/p/DZcUsnzOvDB/
P0384,ig:DcaSvauA5KA,themermanco,2026-08-24T05:17:45.000Z,https://www.instagram.com/p/DcaSvauA5KA/
P0035,ig:DPHU8A_D5Xt,verano_hill,2025-09-27T17:45:29.000Z,https://www.instagram.com/p/DPHU8A_D5Xt/
P0263,ig:Dbdnok1ttWG,spiritual.materialist,2026-07-31T15:47:48.000Z,https://www.instagram.com/p/Dbdnok1ttWG/
P0181,ig:DaQtCPki27D,noir.eg1,2026-07-01T18:57:28.000Z,https://www.instagram.com/p/DaQtCPki27D/
P0234,ig:DbDDQtmtpwo,fashionwche,2026-07-21T08:09:51.000Z,https://www.instagram.com/p/DbDDQtmtpwo/
P0508,ig:DdHj_14MzqM,tarmcc,2026-09-10T19:15:12.000Z,https://www.instagram.com/p/DdHj_14MzqM/
P0319,ig:DcB0ybMOP-6,tarmcc,2026-08-14T17:14:56.000Z,https://www.instagram.com/p/DcB0ybMOP-6/
P0387,ig:DcbWhitOnk7,tarmcc,2026-08-24T15:11:17.000Z,https://www.instagram.com/p/DcbWhitOnk7/
P0113,ig:DX-qYCCT5PA,beersister_official,2026-05-06T01:40:32.000Z,https://www.instagram.com/p/DX-qYCCT5PA/
P0147,ig:DZ53bCjhSh8,beersister_official,2026-06-22T22:00:11.000Z,https://www.instagram.com/p/DZ53bCjhSh8/
P0178,ig:DaLPP4XsxGe,tatiach_,2026-06-29T15:56:22.000Z,https://www.instagram.com/p/DaLPP4XsxGe/
P0123,ig:DXrxcfHjkmV,jasminapuri,2026-04-28T17:37:29.000Z,https://www.instagram.com/p/DXrxcfHjkmV/
P0222,ig:Db8-FZXsPEd,pascaldesignofficial,2026-08-12T19:59:16.000Z,https://www.instagram.com/p/Db8-FZXsPEd/
P0391,ig:DcdqdquuB0l,tarmcc,2026-08-25T12:43:44.000Z,https://www.instagram.com/p/DcdqdquuB0l/
P0192,ig:Dagg5MRz8eF,catspanti,2026-07-07T22:16:17.000Z,https://www.instagram.com/p/Dagg5MRz8eF/
P0126,ig:DY-z9hXzBNX,catspanti,2026-05-30T23:37:04.000Z,https://www.instagram.com/p/DY-z9hXzBNX/
P0353,ig:DcPOagUzyNx,catspanti,2026-08-19T22:10:14.000Z,https://www.instagram.com/p/DcPOagUzyNx/
P0397,ig:Dcgl2JFNPPf,cosstores,2026-08-26T16:07:08.000Z,https://www.instagram.com/p/Dcgl2JFNPPf/
P0430,ig:DcsvVuPv-VR,sezane,2026-08-31T09:18:32.000Z,https://www.instagram.com/p/DcsvVuPv-VR/
P0294,ig:Dc2_9ydS0x1,sezane,2026-09-04T08:57:56.000Z,https://www.instagram.com/p/Dc2_9ydS0x1/
P0228,ig:Db9QfF-zVhz,catspanti,2026-08-12T22:41:42.000Z,https://www.instagram.com/p/Db9QfF-zVhz/
P0134,ig:DYXpZTYMt0W,ann.lisna,2026-05-15T18:38:53.000Z,https://www.instagram.com/p/DYXpZTYMt0W/
P0373,ig:DcXsS2tzlGv,shezzy.jpeg,2026-08-23T05:07:08.000Z,https://www.instagram.com/p/DcXsS2tzlGv/
P0406,ig:DckZrxuTwii,shezzy.jpeg,2026-08-28T03:31:35.000Z,https://www.instagram.com/p/DckZrxuTwii/
P0128,ig:DY5xhWqtfYk,rachelpuccetti,2026-05-29T00:38:49.000Z,https://www.instagram.com/p/DY5xhWqtfYk/
P0492,ig:DdGkkwQlOp9,vellatini,2026-09-10T10:00:29.000Z,https://www.instagram.com/p/DdGkkwQlOp9/
P0191,ig:DafssF9IRyI,pharrellmanyou,2026-07-07T14:40:27.000Z,https://www.instagram.com/p/DafssF9IRyI/
P0093,ig:DWWdXh7Ebjz,huntervought,2026-03-26T14:30:39.000Z,https://www.instagram.com/p/DWWdXh7Ebjz/
P0125,ig:DXuGrZxDfhJ,domi.abendroth,2026-04-29T15:23:24.000Z,https://www.instagram.com/p/DXuGrZxDfhJ/
P0187,ig:DadwnM1hmXa,melissasollee,2026-07-06T20:37:21.000Z,https://www.instagram.com/p/DadwnM1hmXa/
P0207,ig:Dax4VNvKxnZ,havrestudio,2026-07-14T16:07:08.000Z,https://www.instagram.com/p/Dax4VNvKxnZ/
P0283,ig:DbyVQc0RBJC,thechelseastandard,2026-08-08T16:58:44.000Z,https://www.instagram.com/p/DbyVQc0RBJC/
P0292,ig:Dc1lXpgh_NT,elaine_manthei,2026-09-04T03:40:03.000Z,https://www.instagram.com/p/Dc1lXpgh_NT/
P0278,ig:DbremFIqt92,erikxei,2026-08-06T00:58:08.000Z,https://www.instagram.com/p/DbremFIqt92/
P0367,ig:DcUxPf9DjMi,intentionalluxbish,2026-08-22T01:50:52.000Z,https://www.instagram.com/p/DcUxPf9DjMi/
P0133,ig:DYU6BvfAVmQ,blvckhoodieee,2026-05-14T17:01:28.000Z,https://www.instagram.com/p/DYU6BvfAVmQ/
P0401,ig:Dcjorv-y74O,annalise_salm,2026-08-27T20:24:05.000Z,https://www.instagram.com/p/Dcjorv-y74O/
P0151,ig:DZA3DR8It05,sapar_brands,2026-05-31T18:41:54.000Z,https://www.instagram.com/p/DZA3DR8It05/
P0170,ig:Da5fM5dlSOK,alemi.zurich,2026-07-17T15:03:20.000Z,https://www.instagram.com/p/Da5fM5dlSOK/
P0177,ig:DaF_S2gGMmR,alemi.zurich,2026-06-27T15:03:18.000Z,https://www.instagram.com/p/DaF_S2gGMmR/
P0363,ig:DcTRP66pVOq,aureum.collective,2026-08-21T11:51:47.000Z,https://www.instagram.com/p/DcTRP66pVOq/
P0425,ig:Dcq__agouAR,looply_luxury,2026-08-30T17:03:32.000Z,https://www.instagram.com/p/Dcq__agouAR/
P0161,ig:Da05LKzRsq3,michaelkors,2026-07-15T20:13:18.000Z,https://www.instagram.com/p/Da05LKzRsq3/
P0262,ig:DbdW5anAxg5,alecgrawe,2026-07-31T13:20:23.000Z,https://www.instagram.com/p/DbdW5anAxg5/
P0156,ig:DZf-NuYgpG-,kathyprounis,2026-06-12T20:40:34.000Z,https://www.instagram.com/p/DZf-NuYgpG-/
P0407,ig:DckbXyGt785,gracekelleee,2026-08-28T03:49:13.000Z,https://www.instagram.com/p/DckbXyGt785/
P0418,ig:DcoJLhqiTkB,wendyslookbook,2026-08-29T14:28:10.000Z,https://www.instagram.com/p/DcoJLhqiTkB/
P0146,ig:DZ3oWtBlJFz,wukong.gentcraft,2026-06-22T01:10:00.000Z,https://www.instagram.com/p/DZ3oWtBlJFz/
P0120,ig:DXl_DTBDdWj,benguuparlak,2026-04-26T11:40:30.000Z,https://www.instagram.com/p/DXl_DTBDdWj/
P0226,ig:Db94oszt8Xt,ryezxn,2026-08-13T04:30:04.000Z,https://www.instagram.com/p/Db94oszt8Xt/
P0364,ig:DcUFBAQPLts,markandgraham,2026-08-21T19:23:08.000Z,https://www.instagram.com/p/DcUFBAQPLts/
P0411,ig:DcluoTsM_lV,brandonbalfourr,2026-08-28T15:54:57.000Z,https://www.instagram.com/p/DcluoTsM_lV/
P0163,ig:Da0Y7Pusq2x,iamsaraouardii,2026-07-15T15:34:21.000Z,https://www.instagram.com/p/Da0Y7Pusq2x/
P0242,ig:DbIhkWAMEWB,iamsaraouardii,2026-07-23T11:12:14.000Z,https://www.instagram.com/p/DbIhkWAMEWB/
P0410,ig:DcljDRyKTWR,iamsaraouardii,2026-08-28T14:14:14.000Z,https://www.instagram.com/p/DcljDRyKTWR/
P0132,ig:DYSXIp6MRCO,iamsaraouardii,2026-05-13T17:18:12.000Z,https://www.instagram.com/p/DYSXIp6MRCO/
P0200,ig:Dam1DEZzstm,shopvestirsi,2026-07-10T09:05:11.000Z,https://www.instagram.com/p/Dam1DEZzstm/
P0166,ig:Da2IsoAzx76,shopvestirsi,2026-07-16T07:45:07.000Z,https://www.instagram.com/p/Da2IsoAzx76/
P0379,ig:Dc_mbf-NPdT,alisonloehnis,2026-09-07T17:03:28.000Z,https://www.instagram.com/p/Dc_mbf-NPdT/
P0328,ig:DcEx35uOfLE,sophchiang,2026-08-15T20:50:58.000Z,https://www.instagram.com/p/DcEx35uOfLE/
P0162,ig:Da0XTTfhZxa,_rania.haggag_,2026-07-15T15:17:12.000Z,https://www.instagram.com/p/Da0XTTfhZxa/
P0202,ig:DaneKtEIBBk,_rania.haggag_,2026-07-10T15:05:36.000Z,https://www.instagram.com/p/DaneKtEIBBk/
P0327,ig:DcEudEWJgzk,jenn_from_findies,2026-08-15T20:17:36.000Z,https://www.instagram.com/p/DcEudEWJgzk/
P0437,ig:DcvE8uHu4Jd,connoisseurbyhugo,2026-09-01T07:02:16.000Z,https://www.instagram.com/p/DcvE8uHu4Jd/
P0377,ig:Dc_PHRHAc1D,carlfriedrik,2026-09-07T13:37:57.000Z,https://www.instagram.com/p/Dc_PHRHAc1D/
P0232,ig:DbC3nh7OtKQ,sophieworewhatt,2026-07-21T06:27:18.000Z,https://www.instagram.com/p/DbC3nh7OtKQ/
P0254,ig:DbYjau7Rd1O,erica.lynn.ramos,2026-07-29T16:33:51.000Z,https://www.instagram.com/p/DbYjau7Rd1O/
P0198,ig:DakxW-YMug9,yhasmina.ferrara,2026-07-09T13:57:13.000Z,https://www.instagram.com/p/DakxW-YMug9/
P0139,ig:DYitde2xgiC,emmysmx,2026-05-20T01:41:17.000Z,https://www.instagram.com/p/DYitde2xgiC/
P0153,ig:DZOsGdmMppU,russ.lockedin,2026-06-06T03:35:19.000Z,https://www.instagram.com/p/DZOsGdmMppU/
P0197,ig:Dakb7gKt_lj,blenin.shop,2026-07-09T10:49:39.000Z,https://www.instagram.com/p/Dakb7gKt_lj/
P0311,ig:Dc85VrJxehB,olliezaym,2026-09-06T15:55:07.000Z,https://www.instagram.com/p/Dc85VrJxehB/
P0142,ig:DZ-4VhCsplH,britsemler,2026-06-24T20:52:45.000Z,https://www.instagram.com/p/DZ-4VhCsplH/
P0240,ig:DbHeyqDT7VN,styledbyteree,2026-07-23T01:26:26.000Z,https://www.instagram.com/p/DbHeyqDT7VN/
P0246,ig:DbLwphLzdOm,styledbyteree,2026-07-24T17:19:23.000Z,https://www.instagram.com/p/DbLwphLzdOm/
P0130,ig:DYPRepaNGq3,luxebyjinal,2026-05-12T12:30:01.000Z,https://www.instagram.com/p/DYPRepaNGq3/
P0119,ig:DXW4_WnCCzi,the.swiss.chris,2026-04-20T14:58:47.000Z,https://www.instagram.com/p/DXW4_WnCCzi/
P0408,ig:Dcl0MfxMwts,connoisseurbyhugo,2026-08-28T16:43:20.000Z,https://www.instagram.com/p/Dcl0MfxMwts/
P0424,ig:DcqPNjLOTOh,connoisseurbyhugo,2026-08-30T09:55:47.000Z,https://www.instagram.com/p/DcqPNjLOTOh/
P0137,ig:DYc_80vh7Yd,fancythingsblog,2026-05-17T20:29:06.000Z,https://www.instagram.com/p/DYc_80vh7Yd/
P0079,ig:DW5CM72iBZF,permissiontoshine_,2026-04-09T00:42:55.000Z,https://www.instagram.com/p/DW5CM72iBZF/
P0443,ig:DcwSp7fpVLc,blakeevinn,2026-09-01T18:21:02.000Z,https://www.instagram.com/p/DcwSp7fpVLc/
P0196,ig:DairXpbJ81Z,blakeevinn,2026-07-08T18:25:15.000Z,https://www.instagram.com/p/DairXpbJ81Z/
P0451,ig:Dcygr_ux63y,blakeevinn,2026-09-02T15:02:23.000Z,https://www.instagram.com/p/Dcygr_ux63y/
P0469,ig:DdCfL_KpU2S,blakeevinn,2026-09-08T19:58:47.000Z,https://www.instagram.com/p/DdCfL_KpU2S/
P0382,ig:Dc_zbXRp_c6,blakeevinn,2026-09-07T18:56:24.000Z,https://www.instagram.com/p/Dc_zbXRp_c6/
P0193,ig:Dags8BvRQ4z,blakeevinn,2026-07-08T00:01:30.000Z,https://www.instagram.com/p/Dags8BvRQ4z/
P0020,ig:DHvgPHWqmW2,lukas_schanderl,2025-03-28T12:00:54.000Z,https://www.instagram.com/p/DHvgPHWqmW2/
P0247,ig:DbMYFuRvrvC,fashionfindswithava,2026-07-24T23:04:09.000Z,https://www.instagram.com/p/DbMYFuRvrvC/
P0032,ig:DO8lWKXClxX,bentaylortech,2025-09-23T13:35:50.000Z,https://www.instagram.com/p/DO8lWKXClxX/
P0209,ig:Daz3BysAfYj,sophchiang,2026-07-15T10:46:21.000Z,https://www.instagram.com/p/Daz3BysAfYj/
P0027,ig:DMQIVJ_IkDC,wearetwinset,2025-07-18T14:14:21.000Z,https://www.instagram.com/p/DMQIVJ_IkDC/
P0117,ig:DXUUX1ODCPW,bagistauk,2026-04-19T15:00:08.000Z,https://www.instagram.com/p/DXUUX1ODCPW/
P0248,ig:DbNghyXMTzl,bagistauk,2026-07-25T09:38:17.000Z,https://www.instagram.com/p/DbNghyXMTzl/
P0115,ig:DX93093O4y2,calebulf,2026-05-05T18:20:27.000Z,https://www.instagram.com/p/DX93093O4y2/
P0034,ig:DPG9kZ5kZWk,calebulf,2025-09-27T14:22:19.000Z,https://www.instagram.com/p/DPG9kZ5kZWk/
P0111,ig:DWoHjhDCuXh,zoeilanahill,2026-04-02T11:01:50.000Z,https://www.instagram.com/p/DWoHjhDCuXh/
P0009,ig:DDXIojFNwC4,soho_np,2024-12-09T14:48:39.000Z,https://www.instagram.com/p/DDXIojFNwC4/
P0003,ig:C7AKRw8Sy6U,kristitu,2024-05-15T20:32:59.000Z,https://www.instagram.com/p/C7AKRw8Sy6U/
P0145,ig:DZ3gXIzq35d,levitatestyle,2026-06-22T00:01:24.000Z,https://www.instagram.com/p/DZ3gXIzq35d/
P0610,tt:7668001244018986273,spiritual.materialist,2026-07-29T17:21:09.000Z,https://www.tiktok.com/@spiritual.materialist/video/7668001244018986273
P0560,tt:7612325555374984470,nuria_nora_,2026-03-01T16:31:05.000Z,https://www.tiktok.com/@nuria_nora_/video/7612325555374984470
P0638,tt:7683898879108025622,sophielouiseknight,2026-09-10T13:32:07.000Z,https://www.tiktok.com/@sophielouiseknight/video/7683898879108025622
P0643,tt:7684262516549029151,one.era.atelier,2026-09-11T13:03:34.000Z,https://www.tiktok.com/@one.era.atelier/video/7684262516549029151
P0642,tt:7684239574503116045,sodemanrysz872p18f,2026-09-11T11:34:31.000Z,https://www.tiktok.com/@sodemanrysz872p18f/video/7684239574503116045
P0641,tt:7684233242907593998,condrenweissgerber61,2026-09-11T11:10:02.000Z,https://www.tiktok.com/@condrenweissgerber61/video/7684233242907593998
P0625,tt:7677618243946777869,chicfinds.bags,2026-08-24T15:20:26.000Z,https://www.tiktok.com/@chicfinds.bags/video/7677618243946777869
P0543,tt:7534663719683427606,blenin38,2025-08-04T12:10:00.000Z,https://www.tiktok.com/@blenin38/video/7534663719683427606
P0529,tt:7446949907094621483,maleyanichole,2024-12-11T00:49:04.000Z,https://www.tiktok.com/@maleyanichole/video/7446949907094621483
P0637,tt:7683875254153792782,h89722980,2026-09-10T12:00:25.000Z,https://www.tiktok.com/@h89722980/video/7683875254153792782
P0525,tt:7218302653489483051,steffieinthecity,2023-04-04T21:00:58.000Z,https://www.tiktok.com/@steffieinthecity/video/7218302653489483051
P0640,tt:7683946243898297622,lilyluxuryshoes,2026-09-10T16:35:55.000Z,https://www.tiktok.com/@lilyluxuryshoes/video/7683946243898297622
P0616,tt:7672790276276079903,imjustbarbs,2026-08-11T15:05:28.000Z,https://www.tiktok.com/@imjustbarbs/video/7672790276276079903
P0588,tt:7652379521559137566,imjustbarbs,2026-06-17T15:01:20.000Z,https://www.tiktok.com/@imjustbarbs/video/7652379521559137566
P0585,tt:7649663518626581782,thelovedlux,2026-06-10T07:21:30.000Z,https://www.tiktok.com/@thelovedlux/video/7649663518626581782
P0551,tt:7567478564996664584,mignoncobra,2025-10-31T20:01:54.000Z,https://www.tiktok.com/@mignoncobra/video/7567478564996664584
P0592,tt:7654977930832973087,imjustbarbs,2026-06-24T15:04:08.000Z,https://www.tiktok.com/@imjustbarbs/video/7654977930832973087
P0639,tt:7683922414719323422,imjustbarbs,2026-09-10T15:03:34.000Z,https://www.tiktok.com/@imjustbarbs/video/7683922414719323422
P0565,tt:7616792692030278926,curlsandcoins,2026-03-13T17:26:15.000Z,https://www.tiktok.com/@curlsandcoins/video/7616792692030278926
P0580,tt:7646206039024569614,lucamadebags,2026-05-31T23:44:58.000Z,https://www.tiktok.com/@lucamadebags/video/7646206039024569614
P0605,tt:7665738855907167519,imjustbarbs,2026-07-23T15:02:19.000Z,https://www.tiktok.com/@imjustbarbs/video/7665738855907167519
P0595,tt:7659430462921739550,imjustbarbs,2026-07-06T15:02:17.000Z,https://www.tiktok.com/@imjustbarbs/video/7659430462921739550
P0564,tt:7616492357252287757,native.handbags,2026-03-12T22:00:41.000Z,https://www.tiktok.com/@native.handbags/video/7616492357252287757
P0619,tt:7673563890155867405,hoangnhien.725zg,2026-08-13T17:07:04.000Z,https://www.tiktok.com/@hoangnhien.725zg/video/7673563890155867405
P0534,tt:7475261321173290262,evgenia.shuvalova,2025-02-25T07:51:53.000Z,https://www.tiktok.com/@evgenia.shuvalova/video/7475261321173290262
P0536,tt:7493277078276640031,steffieinthecity,2025-04-14T21:02:36.000Z,https://www.tiktok.com/@steffieinthecity/video/7493277078276640031
P0530,tt:7448201110705294600,flaxi4,2024-12-14T09:44:23.000Z,https://www.tiktok.com/@flaxi4/video/7448201110705294600
P0533,tt:7463616053768342830,steffieinthecity,2025-01-24T22:42:44.000Z,https://www.tiktok.com/@steffieinthecity/video/7463616053768342830
P0555,tt:7589057437001420062,hothealthywealthyandwise,2025-12-28T23:39:06.000Z,https://www.tiktok.com/@hothealthywealthyandwise/video/7589057437001420062
P0562,tt:7615065061190552846,neutralvoices,2026-03-09T01:42:01.000Z,https://www.tiktok.com/@neutralvoices/video/7615065061190552846
P0531,tt:7449222569577745694,luxuryandarts,2024-12-17T03:48:21.000Z,https://www.tiktok.com/@luxuryandarts/video/7449222569577745694
P0548,tt:7555972915817237773,skyleranneolson,2025-09-30T19:54:45.000Z,https://www.tiktok.com/@skyleranneolson/video/7555972915817237773
P0626,tt:7677722775099936030,erinmillerartistry,2026-08-24T22:05:54.000Z,https://www.tiktok.com/@erinmillerartistry/video/7677722775099936030
P0606,tt:7666796165639277846,iamsaraouardi,2026-07-26T11:24:54.000Z,https://www.tiktok.com/@iamsaraouardi/video/7666796165639277846
P0634,tt:7683272484434562318,taylorwingg,2026-09-08T21:01:29.000Z,https://www.tiktok.com/@taylorwingg/video/7683272484434562318
P0547,tt:7554098048394185997,skyleranneolson,2025-09-25T18:38:48.000Z,https://www.tiktok.com/@skyleranneolson/video/7554098048394185997
P0607,tt:7666956616465435918,kyraboesiger,2026-07-26T21:47:46.000Z,https://www.tiktok.com/@kyraboesiger/video/7666956616465435918
P0624,tt:7676869158180572438,iamsaraouardi,2026-08-22T14:53:15.000Z,https://www.tiktok.com/@iamsaraouardi/video/7676869158180572438
P0546,tt:7541880267066150158,lizette.eeg,2025-08-23T20:27:57.000Z,https://www.tiktok.com/@lizette.eeg/video/7541880267066150158
P0621,tt:7675392902863785230,taylornoellekay,2026-08-18T15:25:10.000Z,https://www.tiktok.com/@taylornoellekay/video/7675392902863785230
P0632,tt:7682628814115032333,cindyclarkinteriors,2026-09-07T03:23:57.000Z,https://www.tiktok.com/@cindyclarkinteriors/video/7682628814115032333
P0622,tt:7675452687650917646,theashleybell,2026-08-18T19:17:05.000Z,https://www.tiktok.com/@theashleybell/video/7675452687650917646
P0575,tt:7643265440549965074,alliegoodbun,2026-05-24T01:33:38.000Z,https://www.tiktok.com/@alliegoodbun/video/7643265440549965074
P0600,tt:7662002150159125762,aliceinparisofficial,2026-07-13T13:21:24.000Z,https://www.tiktok.com/@aliceinparisofficial/video/7662002150159125762
P0571,tt:7639422063865777430,iamsaraouardi,2026-05-13T16:59:23.000Z,https://www.tiktok.com/@iamsaraouardi/video/7639422063865777430
P0554,tt:7574923511425273119,lilychrie,2025-11-20T21:32:08.000Z,https://www.tiktok.com/@lilychrie/video/7574923511425273119
P0584,tt:7649444253394947342,bryannawozniak,2026-06-09T17:11:01.000Z,https://www.tiktok.com/@bryannawozniak/video/7649444253394947342
P0567,tt:7627179930677333270,aliceinparisofficial,2026-04-10T17:13:21.000Z,https://www.tiktok.com/@aliceinparisofficial/video/7627179930677333270
P0596,tt:7660027506820402453,annafinds88,2026-07-08T05:39:01.000Z,https://www.tiktok.com/@annafinds88/video/7660027506820402453
P0599,tt:7661349233068346646,heightandhustle,2026-07-11T19:07:59.000Z,https://www.tiktok.com/@heightandhustle/video/7661349233068346646
P0615,tt:7672086495074749728,yevtopyer,2026-08-09T17:34:00.000Z,https://www.tiktok.com/@yevtopyer/video/7672086495074749728
P0570,tt:7637153666067123486,_sierramayhew,2026-05-07T14:16:54.000Z,https://www.tiktok.com/@_sierramayhew/video/7637153666067123486
P0631,tt:7681030709988969741,johnathan.guo,2026-09-02T20:02:44.000Z,https://www.tiktok.com/@johnathan.guo/video/7681030709988969741
P0572,tt:7639552753609510158,moniiicamendoza,2026-05-14T01:26:43.000Z,https://www.tiktok.com/@moniiicamendoza/video/7639552753609510158
P0581,tt:7647171189097565463,thepassportus,2026-06-03T14:10:04.000Z,https://www.tiktok.com/@thepassportus/video/7647171189097565463
P0629,tt:7680276310329019670,kaynatt.m,2026-08-31T19:14:44.000Z,https://www.tiktok.com/@kaynatt.m/video/7680276310329019670
P0545,tt:7540062054619647263,shopwithevette,2025-08-18T22:51:52.000Z,https://www.tiktok.com/@shopwithevette/video/7540062054619647263
P0593,tt:7658024421730323734,sophwayy,2026-07-02T20:06:01.000Z,https://www.tiktok.com/@sophwayy/video/7658024421730323734
P0566,tt:7620834527749033238,lucyhitchcock,2026-03-24T14:50:14.000Z,https://www.tiktok.com/@lucyhitchcock/video/7620834527749033238
P0535,tt:7491264828397374742,miarosemcgrath,2025-04-09T10:53:37.000Z,https://www.tiktok.com/@miarosemcgrath/video/7491264828397374742
P0553,tt:7573945394862853383,georgeyhenshall,2025-11-18T06:16:29.000Z,https://www.tiktok.com/@georgeyhenshall/video/7573945394862853383
P0604,tt:7665622891509157138,mlavenia9,2026-07-23T07:32:06.000Z,https://www.tiktok.com/@mlavenia9/video/7665622891509157138
P0613,tt:7671213117241593121,lovevook.bags.uk,2026-08-08T15:00:31.000Z,https://www.tiktok.com/@lovevook.bags.uk/video/7671213117241593121
P0579,tt:7645168876275354900,elaandearth,2026-05-29T04:39:56.000Z,https://www.tiktok.com/@elaandearth/video/7645168876275354900
P0527,tt:7404376229865999649,onelane_studios,2024-08-18T07:21:43.000Z,https://www.tiktok.com/@onelane_studios/video/7404376229865999649
P0601,tt:7662289900439358742,totesforyouu,2026-07-14T07:58:22.000Z,https://www.tiktok.com/@totesforyouu/video/7662289900439358742
P0573,tt:7639825072542305549,styledbylimor,2026-05-14T19:03:23.000Z,https://www.tiktok.com/@styledbylimor/video/7639825072542305549
P0590,tt:7653051958860729622,iamsaraouardi,2026-06-19T10:30:22.000Z,https://www.tiktok.com/@iamsaraouardi/video/7653051958860729622
P0627,tt:7678091142998658335,erinmillerartistry,2026-08-25T21:55:23.000Z,https://www.tiktok.com/@erinmillerartistry/video/7678091142998658335
P0526,tt:7279407815993593120,laurefaitducrochet,2023-09-16T13:00:13.000Z,https://www.tiktok.com/@laurefaitducrochet/video/7279407815993593120
P0598,tt:7660970663015976212,shopvestirsi,2026-07-10T18:38:52.000Z,https://www.tiktok.com/@shopvestirsi/video/7660970663015976212
P0609,tt:7667988573907406093,linacustom,2026-07-29T16:32:24.000Z,https://www.tiktok.com/@linacustom/video/7667988573907406093
P0591,tt:7654175029466336534,iamsaraouardi,2026-06-22T11:08:26.000Z,https://www.tiktok.com/@iamsaraouardi/video/7654175029466336534
P0614,tt:7671751702227225878,chloeharrisonnnn,2026-08-08T19:54:53.000Z,https://www.tiktok.com/@chloeharrisonnnn/video/7671751702227225878
P0611,tt:7669669753492950279,paruhbayabergaya,2026-08-03T05:15:53.000Z,https://www.tiktok.com/@paruhbayabergaya/video/7669669753492950279
P0608,tt:7667809130387688735,vivian.youjin,2026-07-29T04:56:02.000Z,https://www.tiktok.com/@vivian.youjin/video/7667809130387688735
P0635,tt:7683317131148053791,britt.rae2,2026-09-08T23:54:48.000Z,https://www.tiktok.com/@britt.rae2/video/7683317131148053791
P0618,tt:7673465655621913878,ashdalluxe,2026-08-13T10:45:31.000Z,https://www.tiktok.com/@ashdalluxe/video/7673465655621913878
P0630,tt:7680929088273403150,50dollars.handbag,2026-09-02T13:27:58.000Z,https://www.tiktok.com/@50dollars.handbag/video/7680929088273403150
P0623,tt:7676645924118007070,britt.rae2,2026-08-22T00:27:03.000Z,https://www.tiktok.com/@britt.rae2/video/7676645924118007070
P0612,tt:7670290170209438989,jessicanlinn,2026-08-04T21:23:44.000Z,https://www.tiktok.com/@jessicanlinn/video/7670290170209438989
P0628,tt:7680082285151964424,esty.basics,2026-08-31T06:41:54.000Z,https://www.tiktok.com/@esty.basics/video/7680082285151964424
P0556,tt:7590143084625677590,corluxury.official,2025-12-31T21:51:43.000Z,https://www.tiktok.com/@corluxury.official/video/7590143084625677590
P0540,tt:7520661296656715022,shopluxewithamy,2025-06-27T16:07:33.000Z,https://www.tiktok.com/@shopluxewithamy/video/7520661296656715022
P0544,tt:7535172494664191254,abigayleleah,2025-08-05T18:37:46.000Z,https://www.tiktok.com/@abigayleleah/video/7535172494664191254
P0524,tt:7197177459492523307,mayurijaini,2023-02-06T22:44:29.000Z,https://www.tiktok.com/@mayurijaini/video/7197177459492523307
P0602,tt:7663234658661977357,bekahbak,2026-07-16T21:04:32.000Z,https://www.tiktok.com/@bekahbak/video/7663234658661977357
P0558,tt:7601179862627355917,plussizeandbossy,2026-01-30T15:40:15.000Z,https://www.tiktok.com/@plussizeandbossy/video/7601179862627355917
P0589,tt:7652535489613909262,drews_view22,2026-06-18T01:06:30.000Z,https://www.tiktok.com/@drews_view22/video/7652535489613909262
P0583,tt:7648130942166502670,coach_angelbeck,2026-06-06T04:14:30.000Z,https://www.tiktok.com/@coach_angelbeck/video/7648130942166502670
P0586,tt:7650567513733975309,marie.l.sweet,2026-06-12T17:49:51.000Z,https://www.tiktok.com/@marie.l.sweet/video/7650567513733975309
P0563,tt:7615428241423109389,mariawithcheese,2026-03-10T01:11:28.000Z,https://www.tiktok.com/@mariawithcheese/video/7615428241423109389
P0539,tt:7519185501526543647,selfmade8999,2025-06-23T16:40:21.000Z,https://www.tiktok.com/@selfmade8999/video/7519185501526543647
P0542,tt:7527006509264276766,michelletimestwo,2025-07-14T18:29:50.000Z,https://www.tiktok.com/@michelletimestwo/video/7527006509264276766
P0569,tt:7632122710629289230,bagsmakerli,2026-04-24T00:54:14.000Z,https://www.tiktok.com/@bagsmakerli/video/7632122710629289230
P0541,tt:7526235342622526775,chalupabatmangg,2025-07-12T16:37:39.000Z,https://www.tiktok.com/@chalupabatmangg/video/7526235342622526775
P0561,tt:7613130122765339937,loveluxury.com,2026-03-03T20:32:58.000Z,https://www.tiktok.com/@loveluxury.com/video/7613130122765339937
P0537,tt:7499151858041097494,loveluxury.com,2025-04-30T16:59:18.000Z,https://www.tiktok.com/@loveluxury.com/video/7499151858041097494
P0538,tt:7515704543317986602,lifewithj9,2025-06-14T07:33:49.000Z,https://www.tiktok.com/@lifewithj9/video/7515704543317986602
P0550,tt:7567187824169028919,ellaaaaa0110,2025-10-31T01:14:03.000Z,https://www.tiktok.com/@ellaaaaa0110/video/7567187824169028919
P0559,tt:7607225337122000148,sia.letsgo,2026-02-15T22:39:54.000Z,https://www.tiktok.com/@sia.letsgo/video/7607225337122000148
P0594,tt:7659227481576049951,haleysluxefinds,2026-07-06T01:54:36.000Z,https://www.tiktok.com/@haleysluxefinds/video/7659227481576049951
P0636,tt:7683676986836831519,thehollywoodbabydaddyy,2026-09-09T23:11:08.000Z,https://www.tiktok.com/@thehollywoodbabydaddyy/video/7683676986836831519
P0568,tt:7630490405666131222,bagista.uk,2026-04-19T15:19:57.000Z,https://www.tiktok.com/@bagista.uk/video/7630490405666131222
P0557,tt:7599747579324206359,treasuresof.maimi,2026-01-26T19:02:04.000Z,https://www.tiktok.com/@treasuresof.maimi/video/7599747579324206359
P0552,tt:7567501532732640545,loveluxury.com,2025-10-31T21:31:14.000Z,https://www.tiktok.com/@loveluxury.com/video/7567501532732640545
P0587,tt:7652184469541162248,hollowroadvintage,2026-06-17T02:24:02.000Z,https://www.tiktok.com/@hollowroadvintage/video/7652184469541162248
P0528,tt:7412155936476826913,gabriellaluxurymum,2024-09-08T06:31:34.000Z,https://www.tiktok.com/@gabriellaluxurymum/video/7412155936476826913
P0603,tt:7664016847121009934,jennigreenwell,2026-07-18T23:40:06.000Z,https://www.tiktok.com/@jennigreenwell/video/7664016847121009934
P0617,tt:7673250013601860877,stassiasi,2026-08-12T20:49:19.000Z,https://www.tiktok.com/@stassiasi/video/7673250013601860877
P0597,tt:7660723867878493454,flippingfarrell,2026-07-10T02:41:34.000Z,https://www.tiktok.com/@flippingfarrell/video/7660723867878493454
P0577,tt:7644223029496646942,candace_annn,2026-05-26T15:29:54.000Z,https://www.tiktok.com/@candace_annn/video/7644223029496646942
P0633,tt:7682857812308790550,josayzso,2026-09-07T18:12:13.000Z,https://www.tiktok.com/@josayzso/video/7682857812308790550
P0549,tt:7558971968721030414,heynettyshops,2025-10-08T21:52:02.000Z,https://www.tiktok.com/@heynettyshops/video/7558971968721030414
P0620,tt:7675196155415776526,dhgfinds.263,2026-08-18T02:39:52.000Z,https://www.tiktok.com/@dhgfinds.263/video/7675196155415776526
P0582,tt:7647877822274473246,the.lazy.thrifter,2026-06-05T11:52:47.000Z,https://www.tiktok.com/@the.lazy.thrifter/video/7647877822274473246
P0532,tt:7450896203585293598,fengshuiyang,2024-12-21T16:03:03.000Z,https://www.tiktok.com/@fengshuiyang/video/7450896203585293598
P0578,tt:7644250507929816333,karyastreetstyle,2026-05-26T17:16:35.000Z,https://www.tiktok.com/@karyastreetstyle/video/7644250507929816333
P0576,tt:7643434687800544526,the.lazy.thrifter,2026-05-24T12:31:15.000Z,https://www.tiktok.com/@the.lazy.thrifter/video/7643434687800544526
P0574,tt:7641393683463556383,the.lazy.thrifter,2026-05-19T00:30:20.000Z,https://www.tiktok.com/@the.lazy.thrifter/video/7641393683463556383
P0102,ig:DWdB9P6kudv,nefer.pk,2026-03-29T03:41:10.000Z,https://www.instagram.com/p/DWdB9P6kudv/
P0075,ig:DVtfKSuke22,erica.lynn.ramos,2026-03-10T16:33:22.000Z,https://www.instagram.com/p/DVtfKSuke22/
P0106,ig:DWhCweHCWYu,ets_finds,2026-03-30T17:05:26.000Z,https://www.instagram.com/p/DWhCweHCWYu/
P0068,ig:DVk4fULkyW9,mellowshy,2026-03-07T08:25:39.000Z,https://www.instagram.com/p/DVk4fULkyW9/
P0096,ig:DWY-mFRkc8F,ajda.nyc,2026-03-27T13:57:21.000Z,https://www.instagram.com/p/DWY-mFRkc8F/
P0055,ig:DVBn-NkDGs_,qarash.brand,2026-02-21T15:42:55.000Z,https://www.instagram.com/p/DVBn-NkDGs_/
P0098,ig:DWZL0S_kcHY,nataliembode,2026-03-27T15:50:33.000Z,https://www.instagram.com/p/DWZL0S_kcHY/
P0076,ig:DVuAwyhEaZV,erica.lynn.ramos,2026-03-10T21:26:59.000Z,https://www.instagram.com/p/DVuAwyhEaZV/
P0037,ig:DQOg7J-jWrp,imedgebykavitajithra,2025-10-25T09:14:24.000Z,https://www.instagram.com/p/DQOg7J-jWrp/
P0101,ig:DWbx11ehg1I,lapatiala,2026-03-28T16:00:18.000Z,https://www.instagram.com/p/DWbx11ehg1I/
P0054,ig:DV9IaC6EazV,erica.lynn.ramos,2026-03-16T18:23:02.000Z,https://www.instagram.com/p/DV9IaC6EazV/
P0059,ig:DVY46jKknyt,exclusivemansion,2026-03-02T16:33:25.000Z,https://www.instagram.com/p/DVY46jKknyt/
P0112,ig:DWw2XKnEdVb,nikpollina_,2026-04-05T20:24:50.000Z,https://www.instagram.com/p/DWw2XKnEdVb/
P0154,ig:DZXja24oPYD,voneya8695,2026-06-09T14:12:09.000Z,https://www.instagram.com/p/DZXja24oPYD/
P0048,ig:DUzgCcTE6zD,intannajuwa,2026-02-16T04:04:26.000Z,https://www.instagram.com/p/DUzgCcTE6zD/
P0045,ig:DTXlDFdjCuv,jihoon,2026-01-11T11:30:39.000Z,https://www.instagram.com/p/DTXlDFdjCuv/
P0090,ig:DWPcpwIkyCr,annalise_salm,2026-03-23T21:08:09.000Z,https://www.instagram.com/p/DWPcpwIkyCr/
P0108,ig:DWjtT1jDfxp,ewancosh,2026-03-31T17:58:02.000Z,https://www.instagram.com/p/DWjtT1jDfxp/
P0008,ig:CpK_T9GqZ3b,loveluxury,2023-02-27T15:59:09.000Z,https://www.instagram.com/p/CpK_T9GqZ3b/
P0083,ig:DWCQRZWjl7b,notablydressed,2026-03-18T18:06:59.000Z,https://www.instagram.com/p/DWCQRZWjl7b/
P0114,ig:DX7dAWHhtf8,looply_eliza,2026-05-04T19:50:07.000Z,https://www.instagram.com/p/DX7dAWHhtf8/
P0097,ig:DWZD-9EEs4T,gracepullman927gvb,2026-03-27T14:50:24.000Z,https://www.instagram.com/p/DWZD-9EEs4T/
P0019,ig:DHqsRoAsQeN,steffieinthecity,2025-03-26T15:11:46.000Z,https://www.instagram.com/p/DHqsRoAsQeN/
P0028,ig:DNTT_G8JV1n,msyypzho,2025-08-13T16:24:41.000Z,https://www.instagram.com/p/DNTT_G8JV1n/
P0105,ig:DWgfrM8DESy,jessieblue_,2026-03-30T11:58:16.000Z,https://www.instagram.com/p/DWgfrM8DESy/
P0086,ig:DWKZd8OBh1O,pastandpresentconsignment,2026-03-21T22:00:00.000Z,https://www.instagram.com/p/DWKZd8OBh1O/
P0070,ig:DVly2LvjQpV,stylesbyalaa,2026-03-07T16:51:37.000Z,https://www.instagram.com/p/DVly2LvjQpV/
P0024,ig:DKpXzP3A3ig,vintageluxurysourcing,2025-06-08T16:27:56.000Z,https://www.instagram.com/p/DKpXzP3A3ig/
P0084,ig:DWCTTyCDOeW,addictedtohandbags1,2026-03-18T18:33:53.000Z,https://www.instagram.com/p/DWCTTyCDOeW/
P0053,ig:DV9BIJqkVR9,erica.lynn.ramos,2026-03-16T17:19:21.000Z,https://www.instagram.com/p/DV9BIJqkVR9/
P0107,ig:DWiRl9nDf9T,lillylux22,2026-03-31T04:38:06.000Z,https://www.instagram.com/p/DWiRl9nDf9T/
P0056,ig:DVSFMyWDDJv,hannahatinsta,2026-02-28T01:06:51.000Z,https://www.instagram.com/p/DVSFMyWDDJv/
P0031,ig:DNoPkkKOTKB,caribbeanjo1,2025-08-21T19:34:03.000Z,https://www.instagram.com/p/DNoPkkKOTKB/
P0072,ig:DVpM9LcDOH8,hannahatinsta,2026-03-09T00:37:39.000Z,https://www.instagram.com/p/DVpM9LcDOH8/
P0043,ig:DSUPUC0iF5r,keltoumm_,2025-12-16T07:42:07.000Z,https://www.instagram.com/p/DSUPUC0iF5r/
P0012,ig:DFQvIehKmjm,fromluxewithlove,2025-01-25T20:12:10.000Z,https://www.instagram.com/p/DFQvIehKmjm/
P0080,ig:DW9uOwukvFz,melissasollee,2026-04-10T20:24:44.000Z,https://www.instagram.com/p/DW9uOwukvFz/
P0092,ig:DWUM-6LEabR,jillianstucker,2026-03-25T17:28:25.000Z,https://www.instagram.com/p/DWUM-6LEabR/
P0091,ig:DWR9jRdh2cc,lapatiala,2026-03-24T20:30:00.000Z,https://www.instagram.com/p/DWR9jRdh2cc/
P0082,ig:DWAmznQEUvg,coolgirlwears,2026-03-18T02:50:20.000Z,https://www.instagram.com/p/DWAmznQEUvg/
P0011,ig:DEzlTFitiVD,adebola_t,2025-01-14T12:34:30.000Z,https://www.instagram.com/p/DEzlTFitiVD/
P0118,ig:DXVOOh9kQ3Q,luxsource.co,2026-04-19T23:26:19.000Z,https://www.instagram.com/p/DXVOOh9kQ3Q/
P0030,ig:DNmCCilMNu9,zora.st0re,2025-08-20T22:59:25.000Z,https://www.instagram.com/p/DNmCCilMNu9/
P0016,ig:DGit5LyJaGI,livvperez,2025-02-26T16:20:17.000Z,https://www.instagram.com/p/DGit5LyJaGI/
P0015,ig:DGa5ahNMX3E,_authy.x,2025-02-23T15:26:43.000Z,https://www.instagram.com/p/DGa5ahNMX3E/
P0063,ig:DVZbEBLDHvc,styledandsourced_sa,2026-03-02T21:35:39.000Z,https://www.instagram.com/p/DVZbEBLDHvc/
P0017,ig:DHcHZwpyvme,stylinbyaylin,2025-03-20T23:23:13.000Z,https://www.instagram.com/p/DHcHZwpyvme/
P0018,ig:DHn-pONT1xi,discreet_couture,2025-03-25T13:53:38.000Z,https://www.instagram.com/p/DHn-pONT1xi/
P0010,ig:DENcmRnxd0j,timeasocol,2024-12-30T17:01:06.000Z,https://www.instagram.com/p/DENcmRnxd0j/
P0124,ig:DXtUXg6BH2W,a_quiet_luxury_,2026-04-29T08:00:00.000Z,https://www.instagram.com/p/DXtUXg6BH2W/
P0025,ig:DKzkvhDq8Pt,nucchi_,2025-06-12T15:33:48.000Z,https://www.instagram.com/p/DKzkvhDq8Pt/
P0042,ig:DSLgtUIkmC4,eshitastic,2025-12-12T22:18:56.000Z,https://www.instagram.com/p/DSLgtUIkmC4/
P0121,ig:DXm-M_ciNmX,alinelowry,2026-04-26T20:52:48.000Z,https://www.instagram.com/p/DXm-M_ciNmX/
P0007,ig:Cl2HtNBtl03,lillyandgrant,2022-12-06T23:55:20.000Z,https://www.instagram.com/p/Cl2HtNBtl03/
P0085,ig:DWElt7lDpSO,cbstyled,2026-03-19T15:53:53.000Z,https://www.instagram.com/p/DWElt7lDpSO/
P0006,ig:Chxve5QLpzz,palmbeachthrifters,2022-08-27T20:59:32.000Z,https://www.instagram.com/p/Chxve5QLpzz/
P0109,ig:DWm-fTjjPe1,elizabethmgaona,2026-04-02T00:24:38.000Z,https://www.instagram.com/p/DWm-fTjjPe1/
P0033,ig:DP8t35viVcZ,thetrunkladiescatalogue,2025-10-18T11:21:06.000Z,https://www.instagram.com/p/DP8t35viVcZ/
P0051,ig:DV7ZvweIZY2,voneya8695,2026-03-16T02:14:59.000Z,https://www.instagram.com/p/DV7ZvweIZY2/
P0131,ig:DYSLF4qIDmV,darjawren,2026-05-13T15:32:26.000Z,https://www.instagram.com/p/DYSLF4qIDmV/
P0140,ig:DYpLrB9M-n7,moda_canta2,2026-05-22T14:00:24.000Z,https://www.instagram.com/p/DYpLrB9M-n7/
P0148,ig:DZ5YybMyYZp,dylanayres_,2026-06-22T17:33:45.000Z,https://www.instagram.com/p/DZ5YybMyYZp/
P0116,ig:DXHN9y1CnR6,mayaaronlinepk,2026-04-14T12:55:30.000Z,https://www.instagram.com/p/DXHN9y1CnR6/
P0067,ig:DVjIggIjgow,stylepackgo,2026-03-06T16:02:38.000Z,https://www.instagram.com/p/DVjIggIjgow/
P0047,ig:DUgsT3-Aor9,chiomz_okworld,2026-02-08T21:01:17.000Z,https://www.instagram.com/p/DUgsT3-Aor9/
P0158,ig:DZpmcoOtlmY,jidegoldalaga,2026-06-16T14:31:22.000Z,https://www.instagram.com/p/DZpmcoOtlmY/
P0144,ig:DZ0Q9KMgKFy,break.archive,2026-06-20T17:49:13.000Z,https://www.instagram.com/p/DZ0Q9KMgKFy/
P0078,ig:DVyUAw8FDKj,martinisandcarryons,2026-03-12T13:30:00.000Z,https://www.instagram.com/p/DVyUAw8FDKj/
P0073,ig:DVq8AlADT9e,fashionwisebyann,2026-03-09T16:47:05.000Z,https://www.instagram.com/p/DVq8AlADT9e/
P0026,ig:DLh5lpAoogu,daisy.vault,2025-06-30T15:19:04.000Z,https://www.instagram.com/p/DLh5lpAoogu/
P0029,ig:DNk1Jk2BiK5,imimoshree,2025-08-20T11:44:02.000Z,https://www.instagram.com/p/DNk1Jk2BiK5/
P0021,ig:DJHZACWxDqW,ashry.in,2025-05-01T15:10:00.000Z,https://www.instagram.com/p/DJHZACWxDqW/
P0081,ig:DWANxYblAS8,martinisandcarryons,2026-03-17T23:05:00.000Z,https://www.instagram.com/p/DWANxYblAS8/
P0135,ig:DYa-DXIB92_,gearvelvoa,2026-05-17T01:30:00.000Z,https://www.instagram.com/p/DYa-DXIB92_/
P0057,ig:DVTmoAvCg17,rinora_b_n_,2026-02-28T15:18:36.000Z,https://www.instagram.com/p/DVTmoAvCg17/
P0100,ig:DWbvmpSxtE7,laineymelnick,2026-03-28T15:40:00.000Z,https://www.instagram.com/p/DWbvmpSxtE7/
P0094,ig:DWWgQIbjqbW,stylepackgo,2026-03-26T14:51:15.000Z,https://www.instagram.com/p/DWWgQIbjqbW/
P0087,ig:DWL_6qZDHSS,jeanwang,2026-03-22T12:56:51.000Z,https://www.instagram.com/p/DWL_6qZDHSS/
P0052,ig:DV7bqUDTCA_,travelstyleeurope,2026-03-16T02:30:00.000Z,https://www.instagram.com/p/DV7bqUDTCA_/
P0014,ig:DGYwFjXAeMm,old.money.is.lifestyle,2025-02-22T19:26:25.000Z,https://www.instagram.com/p/DGYwFjXAeMm/
P0099,ig:DWbguQIBF1Z,stylepackgo,2026-03-28T13:30:00.000Z,https://www.instagram.com/p/DWbguQIBF1Z/
P0095,ig:DWY-k7SD6cT,tink_club10,2026-03-27T13:57:35.000Z,https://www.instagram.com/p/DWY-k7SD6cT/
P0049,ig:DV4fe9EgU9T,keiraannemorgan,2026-03-14T23:10:41.000Z,https://www.instagram.com/p/DV4fe9EgU9T/
P0065,ig:DVg_eObkZEm,haleybond,2026-03-05T20:05:42.000Z,https://www.instagram.com/p/DVg_eObkZEm/
P0122,ig:DXo8X7hDIyX,auraselect.ae,2026-04-27T15:27:42.000Z,https://www.instagram.com/p/DXo8X7hDIyX/
P0089,ig:DWMXecyj8eQ,travelstyleeurope,2026-03-22T16:25:08.000Z,https://www.instagram.com/p/DWMXecyj8eQ/
P0069,ig:DVltcMmDkry,stylepackgo,2026-03-07T16:03:45.000Z,https://www.instagram.com/p/DVltcMmDkry/
P0088,ig:DWMKYy0juHC,stylepackgo,2026-03-22T14:28:16.000Z,https://www.instagram.com/p/DWMKYy0juHC/
P0013,ig:DFgYcIATAnC,angelinaswann,2025-01-31T22:02:05.000Z,https://www.instagram.com/p/DFgYcIATAnC/
P0074,ig:DVqsuQyDhqy,stylepackgo,2026-03-09T14:33:46.000Z,https://www.instagram.com/p/DVqsuQyDhqy/
P0104,ig:DWfesLszahz,travelstyleeurope,2026-03-30T02:30:00.000Z,https://www.instagram.com/p/DWfesLszahz/
P0061,ig:DVYyB3gDn75,stylepackgo,2026-03-02T15:33:20.000Z,https://www.instagram.com/p/DVYyB3gDn75/
P0066,ig:DVj3D_9AWFG,martinisandcarryons,2026-03-06T22:49:25.000Z,https://www.instagram.com/p/DVj3D_9AWFG/
P0058,ig:DVUtroaDre7,martinisandcarryons,2026-03-01T01:38:39.000Z,https://www.instagram.com/p/DVUtroaDre7/
P0071,ig:DVoHTY4DnkB,stylepackgo,2026-03-08T14:28:19.000Z,https://www.instagram.com/p/DVoHTY4DnkB/
P0103,ig:DWeGDdcBwnB,stylepackgo,2026-03-29T13:35:00.000Z,https://www.instagram.com/p/DWeGDdcBwnB/
P0064,ig:DVZd0NWFJxL,martinisandcarryons,2026-03-02T21:55:00.000Z,https://www.instagram.com/p/DVZd0NWFJxL/
P0050,ig:DV6OpKRDhm7,stylepackgo,2026-03-15T15:18:51.000Z,https://www.instagram.com/p/DV6OpKRDhm7/
P0160,ig:DZsU_2KI8Tt,evikunya,2026-06-17T15:50:19.000Z,https://www.instagram.com/p/DZsU_2KI8Tt/
P0062,ig:DVZVvabjM54,minskayaevelina,2026-03-02T20:48:08.000Z,https://www.instagram.com/p/DVZVvabjM54/
P0518,ig:DdJPm0RjYAP,intentionalluxbish,2026-09-11T10:56:51.000Z,https://www.instagram.com/p/DdJPm0RjYAP/
P0493,ig:DdGrcfVCcso,intentionalluxbish,2026-09-10T11:03:13.000Z,https://www.instagram.com/p/DdGrcfVCcso/
P0487,ig:DdFbml6mFH7,intentionalluxbish,2026-09-09T23:24:52.000Z,https://www.instagram.com/p/DdFbml6mFH7/
P0514,ig:DdIAWblCPui,intentionalluxbish,2026-09-10T23:24:51.000Z,https://www.instagram.com/p/DdIAWblCPui/
P0447,ig:DcwoODMA5-e,steffieinthecity,2026-09-01T21:29:46.000Z,https://www.instagram.com/p/DcwoODMA5-e/
P0479,ig:DdEF89jD48L,intentionalluxbish,2026-09-09T10:54:51.000Z,https://www.instagram.com/p/DdEF89jD48L/
P0462,ig:DdByTipxXNZ,thechelseastandard,2026-09-08T13:28:24.000Z,https://www.instagram.com/p/DdByTipxXNZ/
P0461,ig:DdBhQytAR5m,intentionalluxbish,2026-09-08T10:56:51.000Z,https://www.instagram.com/p/DdBhQytAR5m/
P0325,ig:DcELa3mRSuC,thechelseastandard,2026-08-15T15:14:54.000Z,https://www.instagram.com/p/DcELa3mRSuC/
P0464,ig:DdCIMdlzWjh,steffieinthecity,2026-09-08T16:39:46.000Z,https://www.instagram.com/p/DdCIMdlzWjh/
P0523,ig:DdKA7Kijciy,intentionalluxbish,2026-09-11T18:06:23.000Z,https://www.instagram.com/p/DdKA7Kijciy/
P0362,ig:DcRygptSW1a,thechelseastandard,2026-08-20T22:08:10.000Z,https://www.instagram.com/p/DcRygptSW1a/
P0486,ig:DdFN8U1ADOY,steffieinthecity,2026-09-09T21:24:56.000Z,https://www.instagram.com/p/DdFN8U1ADOY/
P0498,ig:DdHTnYyArTX,steffieinthecity,2026-09-10T17:19:00.000Z,https://www.instagram.com/p/DdHTnYyArTX/
P0445,ig:DcwguxDIBVs,thechelseastandard,2026-09-01T20:33:45.000Z,https://www.instagram.com/p/DcwguxDIBVs/
P0213,ig:Db3msT4x__Z,thechelseastandard,2026-08-10T18:04:18.000Z,https://www.instagram.com/p/Db3msT4x__Z/
P0219,ig:Db6dZHTo6JM,thechelseastandard,2026-08-11T20:38:00.000Z,https://www.instagram.com/p/Db6dZHTo6JM/
P0221,ig:Db6xEKshX4-,melissasollee,2026-08-11T23:32:49.000Z,https://www.instagram.com/p/Db6xEKshX4-/
P0005,ig:C_v12MhOy2X,arntreal.co,2024-09-10T18:58:55.000Z,https://www.instagram.com/p/C_v12MhOy2X/
P0509,ig:DdHk9gHKDZ8,arntreal.co,2026-09-10T19:23:39.000Z,https://www.instagram.com/p/DdHk9gHKDZ8/
P0485,ig:DdFLVYDAzxd,steffieinthecity,2026-09-09T21:02:13.000Z,https://www.instagram.com/p/DdFLVYDAzxd/
P0270,ig:DbmNj3zvQDA,melissasollee,2026-08-03T23:54:26.000Z,https://www.instagram.com/p/DbmNj3zvQDA/
P0138,ig:DYeoiNrMrKp,iamsaraouardii,2026-05-18T11:45:02.000Z,https://www.instagram.com/p/DYeoiNrMrKp/
P0496,ig:DdHBGQiK7Ee,iamsaraouardii,2026-09-10T14:13:02.000Z,https://www.instagram.com/p/DdHBGQiK7Ee/
P0060,ig:DVYbNKeDB_D,iamsaraouardii,2026-03-02T12:16:10.000Z,https://www.instagram.com/p/DVYbNKeDB_D/
P0380,ig:Dc_pPcLGL0i,intentionalluxbish,2026-09-07T17:28:14.000Z,https://www.instagram.com/p/Dc_pPcLGL0i/
P0258,ig:DbZXbVqBPgw,melissasollee,2026-07-30T00:09:20.000Z,https://www.instagram.com/p/DbZXbVqBPgw/
P0423,ig:Dcq2T9WKMkU,iamsaraouardii,2026-08-30T15:41:06.000Z,https://www.instagram.com/p/Dcq2T9WKMkU/
P0463,ig:DdC2wrsijmP,intentionalluxbish,2026-09-08T23:22:51.000Z,https://www.instagram.com/p/DdC2wrsijmP/
P0288,ig:Dc0_95Ust3q,iamsaraouardii,2026-09-03T14:16:00.000Z,https://www.instagram.com/p/Dc0_95Ust3q/
P0022,ig:DJ_994UpN_7,calebulf,2025-05-23T14:31:47.000Z,https://www.instagram.com/p/DJ_994UpN_7/
P0378,ig:Dc_W9r2KYFv,iamsaraouardii,2026-09-07T14:49:45.000Z,https://www.instagram.com/p/Dc_W9r2KYFv/
P0449,ig:DcybQ_uOUm3,calebulf,2026-09-02T14:18:01.000Z,https://www.instagram.com/p/DcybQ_uOUm3/
P0310,ig:Dc8-OQRtAP1,melissasollee,2026-09-06T16:34:49.000Z,https://www.instagram.com/p/Dc8-OQRtAP1/
P0450,ig:Dcyea4RKmoi,iamsaraouardii,2026-09-02T14:44:52.000Z,https://www.instagram.com/p/Dcyea4RKmoi/
P0279,ig:DbuAhVjRlaG,thechelseastandard,2026-08-07T00:37:15.000Z,https://www.instagram.com/p/DbuAhVjRlaG/
P0478,ig:DdE8bX9gnpM,steffieinthecity,2026-09-09T18:51:50.000Z,https://www.instagram.com/p/DdE8bX9gnpM/
P0271,ig:DbnuZ2bxzOA,thechelseastandard,2026-08-04T14:03:00.000Z,https://www.instagram.com/p/DbnuZ2bxzOA/
P0167,ig:Da3dHz7xAOA,thechelseastandard,2026-07-16T20:10:31.000Z,https://www.instagram.com/p/Da3dHz7xAOA/
P0299,ig:Dc4Wwveg2Mk,steffieinthecity,2026-09-04T21:30:49.000Z,https://www.instagram.com/p/Dc4Wwveg2Mk/
P0497,ig:DdHRsZ5ubNp,calebulf,2026-09-10T16:35:17.000Z,https://www.instagram.com/p/DdHRsZ5ubNp/
P0339,ig:DcMFRwOB_V9,melissasollee,2026-08-18T16:52:34.000Z,https://www.instagram.com/p/DcMFRwOB_V9/
P0277,ig:DbrY5UWBZyT,melissasollee,2026-08-06T00:08:30.000Z,https://www.instagram.com/p/DbrY5UWBZyT/
P0468,ig:DdCODJro71q,arntreal.co,2026-09-08T17:26:57.000Z,https://www.instagram.com/p/DdCODJro71q/
P0210,ig:Db1Hu8XPbhH,melissasollee,2026-08-09T18:51:30.000Z,https://www.instagram.com/p/Db1Hu8XPbhH/
P0306,ig:Dc6h5CGii9i,intentionalluxbish,2026-09-05T17:47:57.000Z,https://www.instagram.com/p/Dc6h5CGii9i/
P0265,ig:DbitBwuROh9,thechelseastandard,2026-08-02T15:23:24.000Z,https://www.instagram.com/p/DbitBwuROh9/
P0004,ig:C97xkU7oHJR,arntreal.co,2024-07-27T17:09:25.000Z,https://www.instagram.com/p/C97xkU7oHJR/
P0465,ig:DdCKjnnOe0V,calebulf,2026-09-08T16:57:08.000Z,https://www.instagram.com/p/DdCKjnnOe0V/
P0314,ig:Dc8j7WyFGZv,intentionalluxbish,2026-09-06T12:42:51.000Z,https://www.instagram.com/p/Dc8j7WyFGZv/
P0276,ig:DbqrDEeN29I,arntreal.co,2026-08-05T17:29:01.000Z,https://www.instagram.com/p/DbqrDEeN29I/
P0467,ig:DdCMb62oJ-V,arntreal.co,2026-09-08T17:13:28.000Z,https://www.instagram.com/p/DdCMb62oJ-V/
P0326,ig:DcEYnzZsxCL,iamsaraouardii,2026-08-15T17:09:25.000Z,https://www.instagram.com/p/DcEYnzZsxCL/
P0252,ig:DbTu5aitYrC,arntreal.co,2026-07-27T19:39:56.000Z,https://www.instagram.com/p/DbTu5aitYrC/
P0481,ig:DdEbpi0qv1h,iamsaraouardii,2026-09-09T14:08:30.000Z,https://www.instagram.com/p/DdEbpi0qv1h/
P0483,ig:DdFEmYnIfJ8,arntreal.co,2026-09-09T20:02:14.000Z,https://www.instagram.com/p/DdFEmYnIfJ8/
P0231,ig:DbBxVV2RpQa,thechelseastandard,2026-07-20T20:18:09.000Z,https://www.instagram.com/p/DbBxVV2RpQa/
P0243,ig:DbJ1doxxTni,thechelseastandard,2026-07-23T23:25:50.000Z,https://www.instagram.com/p/DbJ1doxxTni/
P0480,ig:DdEaTnVA-t0,steffieinthecity,2026-09-09T13:53:42.000Z,https://www.instagram.com/p/DdEaTnVA-t0/
P0369,ig:DcW5JhSS7k_,thechelseastandard,2026-08-22T21:41:05.000Z,https://www.instagram.com/p/DcW5JhSS7k_/
P0507,ig:DdHjWExPP-i,calebulf,2026-09-10T19:09:32.000Z,https://www.instagram.com/p/DdHjWExPP-i/
P0419,ig:DcooLWcA6nm,wear_this_next,2026-08-29T18:57:50.000Z,https://www.instagram.com/p/DcooLWcA6nm/
P0370,ig:DcWAnGeA-Pu,wear_this_next,2026-08-22T13:28:48.000Z,https://www.instagram.com/p/DcWAnGeA-Pu/
P0203,ig:DangnV2xG65,thechelseastandard,2026-07-10T15:31:11.000Z,https://www.instagram.com/p/DangnV2xG65/
P0304,ig:Dc6ESv5xXBk,wear_this_next,2026-09-05T13:38:37.000Z,https://www.instagram.com/p/Dc6ESv5xXBk/
P0290,ig:Dc1-4kliRSm,intentionalluxbish,2026-09-03T23:24:52.000Z,https://www.instagram.com/p/Dc1-4kliRSm/
P0316,ig:Dc9D-ENFH5Q,intentionalluxbish,2026-09-06T17:22:51.000Z,https://www.instagram.com/p/Dc9D-ENFH5Q/
P0512,ig:DdHpACkOrl3,connoisseurbyhugo,2026-09-10T19:59:06.000Z,https://www.instagram.com/p/DdHpACkOrl3/
P0297,ig:Dc3OF63gD5r,intentionalluxbish,2026-09-04T10:55:51.000Z,https://www.instagram.com/p/Dc3OF63gD5r/
P0230,ig:DbB_dAghL2v,melissasollee,2026-07-20T22:17:15.000Z,https://www.instagram.com/p/DbB_dAghL2v/
P0510,ig:DdHlkK1h6ar,calebulf,2026-09-10T19:28:37.000Z,https://www.instagram.com/p/DdHlkK1h6ar/
P0506,ig:DdHic6BO39f,connoisseurbyhugo,2026-09-10T19:01:40.000Z,https://www.instagram.com/p/DdHic6BO39f/
P0251,ig:DbTijqaBYWx,melissasollee,2026-07-27T17:52:11.000Z,https://www.instagram.com/p/DbTijqaBYWx/
P0522,ig:DdJgYb-usCO,connoisseurbyhugo,2026-09-11T13:21:59.000Z,https://www.instagram.com/p/DdJgYb-usCO/
P0394,ig:Dcg3arCAgHx,wear_this_next,2026-08-26T18:39:58.000Z,https://www.instagram.com/p/Dcg3arCAgHx/
P0521,ig:DdJgXt1OloD,connoisseurbyhugo,2026-09-11T13:21:58.000Z,https://www.instagram.com/p/DdJgXt1OloD/
P0300,ig:Dc4jk55Di1q,intentionalluxbish,2026-09-04T23:22:51.000Z,https://www.instagram.com/p/Dc4jk55Di1q/
P0305,ig:Dc6d5wrOmmZ,calebulf,2026-09-05T17:16:29.000Z,https://www.instagram.com/p/Dc6d5wrOmmZ/
P0520,ig:DdJg5XzORrn,connoisseurbyhugo,2026-09-11T13:26:31.000Z,https://www.instagram.com/p/DdJg5XzORrn/
P0185,ig:Da_rCWpvr9M,melissasollee,2026-07-20T00:40:33.000Z,https://www.instagram.com/p/Da_rCWpvr9M/
P0039,ig:DS4_C9IDmw5,wear_this_next,2025-12-30T14:08:33.000Z,https://www.instagram.com/p/DS4_C9IDmw5/
P0001,ig:C-F0zs5IPRE,arntreal.co,2024-07-31T14:50:24.000Z,https://www.instagram.com/p/C-F0zs5IPRE/
P0413,ig:DcmWZYGxzYU,thechelseastandard,2026-08-28T21:44:11.000Z,https://www.instagram.com/p/DcmWZYGxzYU/
P0289,ig:Dc0pAKZDqrr,intentionalluxbish,2026-09-03T10:54:51.000Z,https://www.instagram.com/p/Dc0pAKZDqrr/
P0302,ig:Dc5_IxqDNnE,intentionalluxbish,2026-09-05T12:44:53.000Z,https://www.instagram.com/p/Dc5_IxqDNnE/
P0184,ig:DaYV9WMNeAZ,arntreal.co,2026-07-04T18:05:43.000Z,https://www.instagram.com/p/DaYV9WMNeAZ/
P0244,ig:DbL50sYNYYO,arntreal.co,2026-07-24T18:41:33.000Z,https://www.instagram.com/p/DbL50sYNYYO/
P0180,ig:DaPzcDRNqvX,arntreal.co,2026-07-01T10:29:54.000Z,https://www.instagram.com/p/DaPzcDRNqvX/
P0249,ig:DbOrZ3oNrD_,arntreal.co,2026-07-25T20:32:26.000Z,https://www.instagram.com/p/DbOrZ3oNrD_/
P0386,ig:DcbPPiQqe_s,iamsaraouardii,2026-08-24T14:07:18.000Z,https://www.instagram.com/p/DcbPPiQqe_s/
P0236,ig:DbEyB9jTqcA,melissasollee,2026-07-22T00:21:00.000Z,https://www.instagram.com/p/DbEyB9jTqcA/
P0150,ig:DZ9qElVtqDu,arntreal.co,2026-06-24T09:21:33.000Z,https://www.instagram.com/p/DZ9qElVtqDu/
P0217,ig:Db6ALrpMxWk,iamsaraouardii,2026-08-11T16:23:45.000Z,https://www.instagram.com/p/Db6ALrpMxWk/
P0183,ig:DaTlpabx8aY,thechelseastandard,2026-07-02T21:50:43.000Z,https://www.instagram.com/p/DaTlpabx8aY/
P0376,ig:Dc_IuJKESzk,intentionalluxbish,2026-09-07T12:42:51.000Z,https://www.instagram.com/p/Dc_IuJKESzk/
P0199,ig:Daltv8PhsXS,melissasollee,2026-07-09T22:50:25.000Z,https://www.instagram.com/p/Daltv8PhsXS/
P0320,ig:DcBrvajsyxo,iamsaraouardii,2026-08-14T16:03:27.000Z,https://www.instagram.com/p/DcBrvajsyxo/
P0476,ig:DdE4mWFurLM,connoisseurbyhugo,2026-09-09T18:17:25.000Z,https://www.instagram.com/p/DdE4mWFurLM/
P0501,ig:DdHbZUzOFxM,connoisseurbyhugo,2026-09-10T18:00:10.000Z,https://www.instagram.com/p/DdHbZUzOFxM/
P0168,ig:Da3nnK-SYJr,melissasollee,2026-07-16T21:35:50.000Z,https://www.instagram.com/p/Da3nnK-SYJr/
P0298,ig:Dc4ATh_Opnz,connoisseurbyhugo,2026-09-04T18:15:01.000Z,https://www.instagram.com/p/Dc4ATh_Opnz/
P0471,ig:DdCgCythq9p,wear_this_next,2026-09-08T20:05:45.000Z,https://www.instagram.com/p/DdCgCythq9p/
P0173,ig:Da7YiuAT9Dp,shopvestirsi,2026-07-18T08:40:06.000Z,https://www.instagram.com/p/Da7YiuAT9Dp/
P0494,ig:DdGrhZgOSUH,connoisseurbyhugo,2026-09-10T11:02:05.000Z,https://www.instagram.com/p/DdGrhZgOSUH/
P0218,ig:Db6MkEjgEvI,wear_this_next,2026-08-11T18:15:53.000Z,https://www.instagram.com/p/Db6MkEjgEvI/
P0475,ig:DdE3GVBurne,calebulf,2026-09-09T18:05:35.000Z,https://www.instagram.com/p/DdE3GVBurne/
P0041,ig:DSCU3ANiWip,shopvestirsi,2025-12-09T09:01:43.000Z,https://www.instagram.com/p/DSCU3ANiWip/
P0395,ig:DcgV7a5qYHs,iamsaraouardii,2026-08-26T13:45:19.000Z,https://www.instagram.com/p/DcgV7a5qYHs/
P0499,ig:DdHYThHOdmy,connoisseurbyhugo,2026-09-10T17:33:34.000Z,https://www.instagram.com/p/DdHYThHOdmy/
P0404,ig:DckENC2OJY0,calebulf,2026-08-28T00:30:11.000Z,https://www.instagram.com/p/DckENC2OJY0/
P0332,ig:DcJQ3B7KeBK,iamsaraouardii,2026-08-17T14:38:05.000Z,https://www.instagram.com/p/DcJQ3B7KeBK/
P0503,ig:DdHfBIVOeaq,connoisseurbyhugo,2026-09-10T18:31:47.000Z,https://www.instagram.com/p/DdHfBIVOeaq/
P0143,ig:DZ-IOnMNv6l,arntreal.co,2026-06-24T13:45:56.000Z,https://www.instagram.com/p/DZ-IOnMNv6l/
P0259,ig:Db_HirCO30a,calebulf,2026-08-13T16:11:47.000Z,https://www.instagram.com/p/Db_HirCO30a/
P0282,ig:Dbx9SjsAmRU,wear_this_next,2026-08-08T13:29:25.000Z,https://www.instagram.com/p/Dbx9SjsAmRU/
P0260,ig:Db_Yyxmgxyp,wear_this_next,2026-08-13T18:35:40.000Z,https://www.instagram.com/p/Db_Yyxmgxyp/
P0374,ig:DcY56GyuseW,calebulf,2026-08-23T16:38:11.000Z,https://www.instagram.com/p/DcY56GyuseW/
P0149,ig:DZ9p8WwtMpS,arntreal.co,2026-06-24T09:20:21.000Z,https://www.instagram.com/p/DZ9p8WwtMpS/
P0350,ig:DcOnF_bsWSA,iamsaraouardii,2026-08-19T16:26:15.000Z,https://www.instagram.com/p/DcOnF_bsWSA/
P0504,ig:DdHhYxYgD-n,wear_this_next,2026-09-10T19:05:21.000Z,https://www.instagram.com/p/DdHhYxYgD-n/
P0477,ig:DdE4oMOuDbs,connoisseurbyhugo,2026-09-09T18:17:53.000Z,https://www.instagram.com/p/DdE4oMOuDbs/
P0176,ig:DaC2EmoNicq,arntreal.co,2026-06-26T09:42:26.000Z,https://www.instagram.com/p/DaC2EmoNicq/
P0337,ig:DcLM0WazpDp,catspanti,2026-08-18T08:39:15.000Z,https://www.instagram.com/p/DcLM0WazpDp/
P0473,ig:DdD89OKTkEu,shopvestirsi,2026-09-09T09:35:05.000Z,https://www.instagram.com/p/DdD89OKTkEu/
P0403,ig:DcjziNfzspV,catspanti,2026-08-27T21:59:42.000Z,https://www.instagram.com/p/DcjziNfzspV/
P0516,ig:DdIanHDzfsZ,shezzy.jpeg,2026-09-11T03:13:59.000Z,https://www.instagram.com/p/DdIanHDzfsZ/
P0356,ig:DcROE8YuGV-,calebulf,2026-08-20T16:47:56.000Z,https://www.instagram.com/p/DcROE8YuGV-/
P0238,ig:DbH2zB9wrsh,melissasollee,2026-07-23T04:56:29.000Z,https://www.instagram.com/p/DbH2zB9wrsh/
P0264,ig:DbgCEiTgpjv,wear_this_next,2026-08-01T14:23:38.000Z,https://www.instagram.com/p/DbgCEiTgpjv/
P0322,ig:DcD5UWRsSfQ,iamsaraouardii,2026-08-15T12:42:20.000Z,https://www.instagram.com/p/DcD5UWRsSfQ/
P0495,ig:DdGrjbjO6pC,connoisseurbyhugo,2026-09-10T11:01:59.000Z,https://www.instagram.com/p/DdGrjbjO6pC/
P0502,ig:DdHe6houaqJ,connoisseurbyhugo,2026-09-10T18:30:36.000Z,https://www.instagram.com/p/DdHe6houaqJ/
P0517,ig:DdJBXAVGW4B,shopvestirsi,2026-09-11T08:50:01.000Z,https://www.instagram.com/p/DdJBXAVGW4B/
P0455,ig:DdAR72TTVBn,catspanti,2026-09-07T23:26:49.000Z,https://www.instagram.com/p/DdAR72TTVBn/
P0389,ig:DccF0J5zpvA,catspanti,2026-08-24T22:05:10.000Z,https://www.instagram.com/p/DccF0J5zpvA/
P0500,ig:DdHYVy3uvZL,connoisseurbyhugo,2026-09-10T17:33:51.000Z,https://www.instagram.com/p/DdHYVy3uvZL/
P0358,ig:DcRYoqrg8Zc,wear_this_next,2026-08-20T18:21:47.000Z,https://www.instagram.com/p/DcRYoqrg8Zc/
P0295,ig:Dc34iT2z_uT,shezzy.jpeg,2026-09-04T17:06:59.000Z,https://www.instagram.com/p/Dc34iT2z_uT/
P0355,ig:DcR35qMT24p,catspanti,2026-08-20T22:51:58.000Z,https://www.instagram.com/p/DcR35qMT24p/
P0400,ig:DciO137znlQ,catspanti,2026-08-27T07:19:53.000Z,https://www.instagram.com/p/DciO137znlQ/
P0309,ig:Dc7mem2zF5s,shezzy.jpeg,2026-09-06T03:49:20.000Z,https://www.instagram.com/p/Dc7mem2zF5s/
P0472,ig:DdD2FjKzMtH,shopvestirsi,2026-09-09T08:35:06.000Z,https://www.instagram.com/p/DdD2FjKzMtH/
P0190,ig:DafMqV8NdSg,arntreal.co,2026-07-07T09:58:40.000Z,https://www.instagram.com/p/DafMqV8NdSg/
P0308,ig:Dc7FJUBTom3,shezzy.jpeg,2026-09-05T22:57:37.000Z,https://www.instagram.com/p/Dc7FJUBTom3/
P0268,ig:DblRKclgC8R,wear_this_next,2026-08-03T15:11:35.000Z,https://www.instagram.com/p/DblRKclgC8R/
P0422,ig:DcppflrTwv1,shezzy.jpeg,2026-08-30T04:26:10.000Z,https://www.instagram.com/p/DcppflrTwv1/
P0416,ig:DcoBDAbRq-y,wear_this_next,2026-08-29T13:17:27.000Z,https://www.instagram.com/p/DcoBDAbRq-y/
P0513,ig:DdHpCgyO2BZ,connoisseurbyhugo,2026-09-10T19:59:24.000Z,https://www.instagram.com/p/DdHpCgyO2BZ/
P0448,ig:DcwsqElzeW1,catspanti,2026-09-01T22:10:18.000Z,https://www.instagram.com/p/DcwsqElzeW1/
P0433,ig:DctaRiKoIS-,_rania.haggag_,2026-08-31T15:30:01.000Z,https://www.instagram.com/p/DctaRiKoIS-/
P0324,ig:DcEAe0pADRj,wear_this_next,2026-08-15T13:37:27.000Z,https://www.instagram.com/p/DcEAe0pADRj/
P0341,ig:DcMPESYgorP,wear_this_next,2026-08-18T18:22:34.000Z,https://www.instagram.com/p/DcMPESYgorP/
P0354,ig:DcQ2N5_I2Hx,_rania.haggag_,2026-08-20T13:20:21.000Z,https://www.instagram.com/p/DcQ2N5_I2Hx/
P0409,ig:Dcl6H05OU0U,calebulf,2026-08-28T17:34:39.000Z,https://www.instagram.com/p/Dcl6H05OU0U/
P0351,ig:DcOtHPUuA9a,calebulf,2026-08-19T17:19:39.000Z,https://www.instagram.com/p/DcOtHPUuA9a/
P0441,ig:DcwLleUoaix,_rania.haggag_,2026-09-01T17:20:00.000Z,https://www.instagram.com/p/DcwLleUoaix/
P0426,ig:DcqfupVoI7q,_rania.haggag_,2026-08-30T12:19:46.000Z,https://www.instagram.com/p/DcqfupVoI7q/
P0491,ig:DdGiX3omaLa,shopvestirsi,2026-09-10T09:40:02.000Z,https://www.instagram.com/p/DdGiX3omaLa/
P0348,ig:DcOTLRoJ9OQ,chexy.money,2026-08-19T13:30:06.000Z,https://www.instagram.com/p/DcOTLRoJ9OQ/
P0317,ig:Dc9V7iqzXZA,shezzy.jpeg,2026-09-06T20:00:49.000Z,https://www.instagram.com/p/Dc9V7iqzXZA/
P0301,ig:Dc4oed8TInF,shezzy.jpeg,2026-09-05T00:06:45.000Z,https://www.instagram.com/p/Dc4oed8TInF/
P0188,ig:DafCEB2zOGS,shopvestirsi,2026-07-07T08:25:11.000Z,https://www.instagram.com/p/DafCEB2zOGS/
P0347,ig:DcO9QzOoKXs,_rania.haggag_,2026-08-19T19:39:25.000Z,https://www.instagram.com/p/DcO9QzOoKXs/
P0460,ig:DdBYsNKTtel,shopvestirsi,2026-09-08T09:40:06.000Z,https://www.instagram.com/p/DdBYsNKTtel/
P0432,ig:DctUggloWmq,_rania.haggag_,2026-08-31T14:40:51.000Z,https://www.instagram.com/p/DctUggloWmq/
P0470,ig:DdCg5gXTjJ_,annalise_salm,2026-09-08T20:12:12.000Z,https://www.instagram.com/p/DdCg5gXTjJ_/
P0342,ig:DcMRIZquFvf,calebulf,2026-08-18T18:42:07.000Z,https://www.instagram.com/p/DcMRIZquFvf/
P0474,ig:DdDJoyfy2hd,annalise_salm,2026-09-09T02:09:10.000Z,https://www.instagram.com/p/DdDJoyfy2hd/
P0312,ig:Dc8FdbezQW4,shopvestirsi,2026-09-06T08:15:06.000Z,https://www.instagram.com/p/Dc8FdbezQW4/
P0511,ig:DdHp428TMXn,annalise_salm,2026-09-10T20:07:15.000Z,https://www.instagram.com/p/DdHp428TMXn/
P0484,ig:DdFICnjzpqI,annalise_salm,2026-09-09T20:33:55.000Z,https://www.instagram.com/p/DdFICnjzpqI/
P0442,ig:DcwNoe6T766,shezzy.jpeg,2026-09-01T17:36:54.000Z,https://www.instagram.com/p/DcwNoe6T766/
P0490,ig:DdGcOXLmWTv,shopvestirsi,2026-09-10T08:47:02.000Z,https://www.instagram.com/p/DdGcOXLmWTv/
P0287,ig:Dc0ZS1TTWd7,shopvestirsi,2026-09-03T08:35:06.000Z,https://www.instagram.com/p/Dc0ZS1TTWd7/
P0330,ig:DcGWyzZIBBu,_rania.haggag_,2026-08-16T11:29:59.000Z,https://www.instagram.com/p/DcGWyzZIBBu/
P0375,ig:DcYt7LJs5Z8,_rania.haggag_,2026-08-23T14:38:04.000Z,https://www.instagram.com/p/DcYt7LJs5Z8/
P0505,ig:DdHibNOOt1u,connoisseurbyhugo,2026-09-10T19:01:42.000Z,https://www.instagram.com/p/DdHibNOOt1u/
P0201,ig:DanKsM3s9Ly,melissasollee,2026-07-10T12:18:09.000Z,https://www.instagram.com/p/DanKsM3s9Ly/
P0338,ig:DcLjTswIEAF,_rania.haggag_,2026-08-18T11:54:55.000Z,https://www.instagram.com/p/DcLjTswIEAF/
P0224,ig:Db8r96Boe5x,_rania.haggag_,2026-08-12T17:22:11.000Z,https://www.instagram.com/p/Db8r96Boe5x/
P0023,ig:DK2Bg2ERrgc,calebulf,2025-06-13T14:21:33.000Z,https://www.instagram.com/p/DK2Bg2ERrgc/
P0216,ig:Db5ZekporKL,_rania.haggag_,2026-08-11T10:42:27.000Z,https://www.instagram.com/p/Db5ZekporKL/
P0285,ig:Dc-CYhEy9Ti,annalise_salm,2026-09-07T02:28:52.000Z,https://www.instagram.com/p/Dc-CYhEy9Ti/
P0335,ig:DcJq2XMoAzn,_rania.haggag_,2026-08-17T18:22:11.000Z,https://www.instagram.com/p/DcJq2XMoAzn/
P0456,ig:DdAU4zoyZFI,annalise_salm,2026-09-08T00:19:31.000Z,https://www.instagram.com/p/DdAU4zoyZFI/
P0459,ig:DdBRRCgz59J,shopvestirsi,2026-09-08T08:35:06.000Z,https://www.instagram.com/p/DdBRRCgz59J/
P0284,ig:DbyzTSQPAbz,melissasollee,2026-08-08T21:27:55.000Z,https://www.instagram.com/p/DbyzTSQPAbz/
P0346,ig:DcNu4NoICCu,_rania.haggag_,2026-08-19T08:14:26.000Z,https://www.instagram.com/p/DcNu4NoICCu/
P0272,ig:DboMAsXgXg7,wear_this_next,2026-08-04T18:20:30.000Z,https://www.instagram.com/p/DboMAsXgXg7/
P0429,ig:Dcsq-jJzR3S,shopvestirsi,2026-08-31T08:35:07.000Z,https://www.instagram.com/p/Dcsq-jJzR3S/
P0488,ig:DdFqu35SXS_,annalise_salm,2026-09-10T01:36:11.000Z,https://www.instagram.com/p/DdFqu35SXS_/
P0365,ig:DcUJ3llotgZ,_rania.haggag_,2026-08-21T20:05:53.000Z,https://www.instagram.com/p/DcUJ3llotgZ/
P0307,ig:Dc77-yiyHO-,annalise_salm,2026-09-06T06:55:18.000Z,https://www.instagram.com/p/Dc77-yiyHO-/
P0296,ig:Dc3AWSxT5U9,shopvestirsi,2026-09-04T08:55:06.000Z,https://www.instagram.com/p/Dc3AWSxT5U9/
P0482,ig:DdEvhJquv3N,jasminapuri,2026-09-09T16:58:37.000Z,https://www.instagram.com/p/DdEvhJquv3N/
P0440,ig:DcwKBp-zayN,jasminapuri,2026-09-01T17:05:54.000Z,https://www.instagram.com/p/DcwKBp-zayN/
P0286,ig:Dc-qKXfTcND,shopvestirsi,2026-09-07T08:15:05.000Z,https://www.instagram.com/p/Dc-qKXfTcND/
P0206,ig:DavUaDHuMxX,melissasollee,2026-07-13T16:17:05.000Z,https://www.instagram.com/p/DavUaDHuMxX/
P0318,ig:Dc9YLzXTNFs,annalise_salm,2026-09-06T20:19:59.000Z,https://www.instagram.com/p/Dc9YLzXTNFs/
P0420,ig:DcpF3cVzveA,shezzy.jpeg,2026-08-29T23:15:06.000Z,https://www.instagram.com/p/DcpF3cVzveA/
P0321,ig:DcBtGv0uGnj,calebulf,2026-08-14T16:12:54.000Z,https://www.instagram.com/p/DcBtGv0uGnj/
P0223,ig:Db8C8N0IL7x,_rania.haggag_,2026-08-12T11:23:16.000Z,https://www.instagram.com/p/Db8C8N0IL7x/
P0439,ig:DcwAVDVIBtk,_rania.haggag_,2026-09-01T15:42:17.000Z,https://www.instagram.com/p/DcwAVDVIBtk/
P0274,ig:DbptyvPzNi3,catspanti,2026-08-05T08:32:28.000Z,https://www.instagram.com/p/DbptyvPzNi3/
P0214,ig:Db4F-oKvSdc,catspanti,2026-08-10T22:33:18.000Z,https://www.instagram.com/p/Db4F-oKvSdc/
P0273,ig:DbopI80TuC2,catspanti,2026-08-04T22:38:35.000Z,https://www.instagram.com/p/DbopI80TuC2/
P0250,ig:DbRVUGQTkzS,shezzy.jpeg,2026-07-26T21:17:14.000Z,https://www.instagram.com/p/DbRVUGQTkzS/
P0267,ig:Dbj8V3Xzy-g,shezzy.jpeg,2026-08-03T02:44:09.000Z,https://www.instagram.com/p/Dbj8V3Xzy-g/
P0405,ig:DckEvBUzcLi,shezzy.jpeg,2026-08-28T00:28:53.000Z,https://www.instagram.com/p/DckEvBUzcLi/
P0256,ig:DbZIHKuTkSY,catspanti,2026-07-29T21:56:27.000Z,https://www.instagram.com/p/DbZIHKuTkSY/
P0303,ig:Dc5gmt-zDzR,shopvestirsi,2026-09-05T08:15:09.000Z,https://www.instagram.com/p/Dc5gmt-zDzR/
P0438,ig:DcvV-28BFWQ,shopvestirsi,2026-09-01T09:30:05.000Z,https://www.instagram.com/p/DcvV-28BFWQ/
P0110,ig:DWmvHcVAQla,jasminapuri,2026-04-01T22:09:00.000Z,https://www.instagram.com/p/DWmvHcVAQla/
P0040,ig:DS5aU7XDv7U,jasminapuri,2025-12-30T18:09:00.000Z,https://www.instagram.com/p/DS5aU7XDv7U/
P0266,ig:Dbj-Fl1z_oR,shezzy.jpeg,2026-08-03T02:59:01.000Z,https://www.instagram.com/p/Dbj-Fl1z_oR/
P0515,ig:DdIWzdeT1NY,shezzy.jpeg,2026-09-11T02:39:21.000Z,https://www.instagram.com/p/DdIWzdeT1NY/
P0291,ig:Dc1TJz7uvpb,jasminapuri,2026-09-03T17:01:58.000Z,https://www.instagram.com/p/Dc1TJz7uvpb/
P0366,ig:DcUTUMCSU1w,calebulf,2026-08-21T21:28:21.000Z,https://www.instagram.com/p/DcUTUMCSU1w/
P0336,ig:DcKi1vUzmJ7,shezzy.jpeg,2026-08-18T02:34:21.000Z,https://www.instagram.com/p/DcKi1vUzmJ7/
P0331,ig:DcIzDS0oTi4,_rania.haggag_,2026-08-17T10:15:38.000Z,https://www.instagram.com/p/DcIzDS0oTi4/
P0239,ig:DbHJHjUSulH,catspanti,2026-07-22T22:17:53.000Z,https://www.instagram.com/p/DbHJHjUSulH/
P0269,ig:DbmEXXezBNo,catspanti,2026-08-03T22:33:56.000Z,https://www.instagram.com/p/DbmEXXezBNo/
P0165,ig:Da2D2vVTHaw,catspanti,2026-07-16T07:06:00.000Z,https://www.instagram.com/p/Da2D2vVTHaw/
P0519,ig:DdJg4lQOOAR,connoisseurbyhugo,2026-09-11T13:26:16.000Z,https://www.instagram.com/p/DdJg4lQOOAR/
P0421,ig:DcpGu64TPGG,shezzy.jpeg,2026-08-29T23:22:28.000Z,https://www.instagram.com/p/DcpGu64TPGG/
P0077,ig:DVw2w0gjiW8,jasminapuri,2026-03-11T23:57:17.000Z,https://www.instagram.com/p/DVw2w0gjiW8/
P0315,ig:Dc8u26Kue8m,jasminapuri,2026-09-06T14:22:36.000Z,https://www.instagram.com/p/Dc8u26Kue8m/
P0313,ig:Dc8N_O1zScm,shopvestirsi,2026-09-06T09:30:05.000Z,https://www.instagram.com/p/Dc8N_O1zScm/
P0454,ig:DczuSqbSo_F,annalise_salm,2026-09-03T02:21:26.000Z,https://www.instagram.com/p/DczuSqbSo_F/
P0398,ig:DcgtA1yuAAv,jasminapuri,2026-08-26T17:03:31.000Z,https://www.instagram.com/p/DcgtA1yuAAv/
P0388,ig:DcbjZSquK3Q,jasminapuri,2026-08-24T17:12:58.000Z,https://www.instagram.com/p/DcbjZSquK3Q/
P0428,ig:DcsoRENyRWD,annalise_salm,2026-08-31T08:14:13.000Z,https://www.instagram.com/p/DcsoRENyRWD/
P0446,ig:DcwiI4yz7ty,annalise_salm,2026-09-01T20:40:04.000Z,https://www.instagram.com/p/DcwiI4yz7ty/
P0427,ig:DcrXZl9zQKa,annalise_salm,2026-08-30T20:27:00.000Z,https://www.instagram.com/p/DcrXZl9zQKa/
P0415,ig:Dco0cJ6S-vp,annalise_salm,2026-08-29T20:43:27.000Z,https://www.instagram.com/p/Dco0cJ6S-vp/
P0340,ig:DcMGjF6uOGd,jasminapuri,2026-08-18T17:09:56.000Z,https://www.instagram.com/p/DcMGjF6uOGd/
P0412,ig:DcmMWyvyP54,annalise_salm,2026-08-28T20:14:45.000Z,https://www.instagram.com/p/DcmMWyvyP54/
P0417,ig:DcoDQVMqvdc,jasminapuri,2026-08-29T13:32:29.000Z,https://www.instagram.com/p/DcoDQVMqvdc/
P0281,ig:DbwXwijz5I9,catspanti,2026-08-07T22:37:15.000Z,https://www.instagram.com/p/DbwXwijz5I9/
P0357,ig:DcROrEZO6Tw,jasminapuri,2026-08-20T16:50:03.000Z,https://www.instagram.com/p/DcROrEZO6Tw/
P0381,ig:Dc_q3RPBd1b,jasminapuri,2026-09-07T17:41:23.000Z,https://www.instagram.com/p/Dc_q3RPBd1b/
P0293,ig:Dc1oU-GyLKY,annalise_salm,2026-09-03T20:07:21.000Z,https://www.instagram.com/p/Dc1oU-GyLKY/
P0452,ig:DczFfxOy6mx,annalise_salm,2026-09-02T20:24:44.000Z,https://www.instagram.com/p/DczFfxOy6mx/
P0334,ig:DcJgEKquiXk,jasminapuri,2026-08-17T16:47:38.000Z,https://www.instagram.com/p/DcJgEKquiXk/
P0323,ig:DcDvN_Do4YE,_rania.haggag_,2026-08-15T11:06:04.000Z,https://www.instagram.com/p/DcDvN_Do4YE/
P0392,ig:DceH-O5OX44,jasminapuri,2026-08-25T17:01:58.000Z,https://www.instagram.com/p/DceH-O5OX44/
P0466,ig:DdCMJfjBhRV,jasminapuri,2026-09-08T17:10:53.000Z,https://www.instagram.com/p/DdCMJfjBhRV/
P0371,ig:DcWKfE4uRaB,jasminapuri,2026-08-22T14:49:58.000Z,https://www.instagram.com/p/DcWKfE4uRaB/
P0229,ig:DbB99LzyRMd,catspanti,2026-07-20T22:03:53.000Z,https://www.instagram.com/p/DbB99LzyRMd/
P0434,ig:DctmVKyBzzd,jasminapuri,2026-08-31T17:15:08.000Z,https://www.instagram.com/p/DctmVKyBzzd/
P0390,ig:DccF8FiAFIx,steffieinthecity,2026-08-24T22:07:54.000Z,https://www.instagram.com/p/DccF8FiAFIx/
P0360,ig:DcRr654AS2N,steffieinthecity,2026-08-20T21:07:01.000Z,https://www.instagram.com/p/DcRr654AS2N/
P0402,ig:DcjwJCzAquu,steffieinthecity,2026-08-27T21:28:30.000Z,https://www.instagram.com/p/DcjwJCzAquu/
P0393,ig:DceirRDgu_y,steffieinthecity,2026-08-25T20:56:32.000Z,https://www.instagram.com/p/DceirRDgu_y/
P0345,ig:DcMmDt9AVpc,steffieinthecity,2026-08-18T21:38:10.000Z,https://www.instagram.com/p/DcMmDt9AVpc/
P0352,ig:DcPNqGPADbB,steffieinthecity,2026-08-19T22:03:23.000Z,https://www.instagram.com/p/DcPNqGPADbB/
P0414,ig:DcmYotCgdMV,steffieinthecity,2026-08-28T22:01:09.000Z,https://www.instagram.com/p/DcmYotCgdMV/
P0436,ig:DcuCnEBg3DD,steffieinthecity,2026-08-31T21:26:17.000Z,https://www.instagram.com/p/DcuCnEBg3DD/
P0431,ig:Dct7l4XT_Xx,annalise_salm,2026-08-31T20:21:40.000Z,https://www.instagram.com/p/Dct7l4XT_Xx/
P0399,ig:DchHQdSgVPb,steffieinthecity,2026-08-26T20:53:22.000Z,https://www.instagram.com/p/DchHQdSgVPb/
P0275,ig:Dbq5AplRRSA,thechelseastandard,2026-08-05T19:31:08.000Z,https://www.instagram.com/p/Dbq5AplRRSA/
