seed_id,url,notes,occurrences,platform,status,post_id,actual_creator,category,comments_collected,transcript_status
S001,https://www.instagram.com/p/DaAQeKXMGaz/,"* founder angle
* affordable luxury angle and why we exist",1,instagram,retrieved,ig:DaAQeKXMGaz,arntreal.co,handbag_context,16,automatic_unverified
S002,https://www.instagram.com/reel/DDXIojFNwC4/,* close up,1,instagram,retrieved,ig:DDXIojFNwC4,soho_np,handbag_context,58,automatic_unverified
S003,https://www.instagram.com/reel/DafJssRqF_i/,,1,instagram,retrieved,ig:DafJssRqF_i,nidsfitz,handbag_context,3,automatic_unverified
S004,https://www.instagram.com/reel/DY5xhWqtfYk/,,1,instagram,retrieved,ig:DY5xhWqtfYk,rachelpuccetti,handbag_context,100,automatic_unverified
S005,https://www.instagram.com/reel/DPHU8A_D5Xt/,,1,instagram,retrieved,ig:DPHU8A_D5Xt,verano_hill,handbag_context,23,automatic_unverified
S006,https://www.instagram.com/reel/DZLA4ilxHv0/,"* the perfect raffia woven bag angle, talking head ai ugc",1,instagram,retrieved,ig:DZLA4ilxHv0,wear_this_next,handbag_context,100,automatic_unverified
S007,https://www.instagram.com/reel/DY-z9hXzBNX/,"* Best bags on the internet, affordable luxury angle, compare other bags and position velantra as the best option",1,instagram,retrieved,ig:DY-z9hXzBNX,catspanti,handbag_context,100,automatic_unverified
S008,https://www.instagram.com/reel/DYc_80vh7Yd/,* bottom of funnel urgency,1,instagram,retrieved,ig:DYc_80vh7Yd,fancythingsblog,handbag_context,100,automatic_unverified
S009,https://www.instagram.com/reel/DZ-4VhCsplH/,"* the bag of summer, run through seedance 2",1,instagram,retrieved,ig:DZ-4VhCsplH,britsemler,handbag_context,100,automatic_unverified
S010,https://www.instagram.com/reel/DXl_DTBDdWj/,"* Summer bag of 2026 trend, the perfect summer bag",1,instagram,retrieved,ig:DXl_DTBDdWj,benguuparlak,adjacent_fashion_or_other,45,automatic_unverified
S011,https://www.instagram.com/reel/DMQIVJ_IkDC/,* the bag round up,1,instagram,retrieved,ig:DMQIVJ_IkDC,wearetwinset,handbag_context,92,automatic_unverified
S012,https://www.instagram.com/reel/DWoHjhDCuXh/,"* perfect summer bag, shocked concept",1,instagram,retrieved,ig:DWoHjhDCuXh,zoeilanahill,handbag_context,80,automatic_unverified
S013,https://www.instagram.com/reel/DaLPP4XsxGe/,"* perfect summer bag, boatkin of 26",1,instagram,retrieved,ig:DaLPP4XsxGe,tatiach_,handbag_context,100,automatic_unverified
S014,https://www.instagram.com/reel/DZf-NuYgpG-/,"* boatkin of 26, ugc story concept",1,instagram,retrieved,ig:DZf-NuYgpG-,kathyprounis,handbag_context,88,automatic_unverified
S015,https://www.instagram.com/reel/DYaSFa9tmVC/,* Favorite bag of 26,1,instagram,retrieved,ig:DYaSFa9tmVC,bethansowerbyy,handbag_context,101,automatic_unverified
S016,https://www.instagram.com/reel/C7AKRw8Sy6U/,* unboxing the perfect summer bag,1,instagram,retrieved,ig:C7AKRw8Sy6U,kristitu,handbag_context,99,not_available
S017,https://www.instagram.com/reel/Dags8BvRQ4z/,* talking head ai ugc,1,instagram,retrieved,ig:Dags8BvRQ4z,blakeevinn,adjacent_fashion_or_other,100,automatic_unverified
S018,https://www.instagram.com/reel/DatCxJkhVij/,* banger,1,instagram,retrieved,ig:DatCxJkhVij,emesegormley,handbag_context,100,automatic_unverified
S019,https://www.instagram.com/reel/Dax_hKCgyw-/,"* ai ugc/aivo, use kling",1,instagram,retrieved,ig:Dax_hKCgyw-,wear_this_next,adjacent_fashion_or_other,23,automatic_unverified
S020,https://www.instagram.com/reel/Da7-1Qcgcb3/,"* save on designer brands, position as affordable luxury brand",1,instagram,retrieved,ig:Da7-1Qcgcb3,wear_this_next,handbag_context,7,automatic_unverified
S021,https://www.instagram.com/reel/DYSXIp6MRCO/,* European luxury angle,1,instagram,retrieved,ig:DYSXIp6MRCO,iamsaraouardii,handbag_context,100,automatic_unverified
S022,https://www.instagram.com/reel/Da0Y7Pusq2x/,* luxury bag mistake,1,instagram,retrieved,ig:Da0Y7Pusq2x,iamsaraouardii,handbag_context,16,automatic_unverified
S023,https://www.instagram.com/reel/DakxW-YMug9/,"* luxury taste, not luxury pricing",1,instagram,retrieved,ig:DakxW-YMug9,yhasmina.ferrara,handbag_context,100,automatic_unverified
S024,https://www.instagram.com/reel/Dah9EpQsKIZ/,"* banger money
* the designer version",2,instagram,retrieved,ig:Dah9EpQsKIZ,iamsaraouardii,handbag_context,100,automatic_unverified
S025,https://www.instagram.com/reel/Da0XTTfhZxa/,* affordable vs unaffordable,1,instagram,retrieved,ig:Da0XTTfhZxa,_rania.haggag_,handbag_context,33,automatic_unverified
S026,https://www.instagram.com/reel/DbDDQtmtpwo/,* Look rich without going broke,1,instagram,retrieved,ig:DbDDQtmtpwo,fashionwche,handbag_context,0,automatic_unverified
S027,https://www.instagram.com/reel/DairXpbJ81Z/,,1,instagram,retrieved,ig:DairXpbJ81Z,blakeevinn,adjacent_fashion_or_other,27,automatic_unverified
S028,https://www.instagram.com/reel/DaneKtEIBBk/,,1,instagram,retrieved,ig:DaneKtEIBBk,_rania.haggag_,handbag_context,9,automatic_unverified
S029,https://www.instagram.com/p/DbAfK_wgaqj/,,1,instagram,not_retrieved,,,,0,not_available
S030,https://www.instagram.com/p/DU9KqzjDH7Y/,,1,instagram,retrieved,ig:DU9KqzjDH7Y,zaprada_store,handbag_context,100,automatic_unverified
S031,https://www.instagram.com/reel/DaQtCPki27D/,"* founder led concept
*",1,instagram,retrieved,ig:DaQtCPki27D,noir.eg1,adjacent_fashion_or_other,100,automatic_unverified
S032,https://www.instagram.com/reel/DbEHV44MYoJ/,* designer bags are not the move,1,instagram,retrieved,ig:DbEHV44MYoJ,alexxcoll,handbag_context,100,automatic_unverified
S033,https://www.instagram.com/p/DY0AIjaDDbi/,,1,instagram,retrieved,ig:DY0AIjaDDbi,sophiakianni,handbag_context,12,automatic_unverified
S034,https://www.instagram.com/reel/DadwnM1hmXa/,* affordable luxury angle,1,instagram,retrieved,ig:DadwnM1hmXa,melissasollee,handbag_context,41,automatic_unverified
S035,https://www.instagram.com/p/DaMvEUjgr3o/,* Hermes ad,1,instagram,retrieved,ig:DaMvEUjgr3o,klonescents,adjacent_fashion_or_other,15,automatic_unverified
S036,https://www.instagram.com/reel/DbC3nh7OtKQ/,,1,instagram,retrieved,ig:DbC3nh7OtKQ,sophieworewhatt,adjacent_fashion_or_other,0,automatic_unverified
S037,https://www.instagram.com/reel/DaT5VIfs6Sq/,* weekender-push to men,1,instagram,retrieved,ig:DaT5VIfs6Sq,finnlately,handbag_context,11,automatic_unverified
S038,https://www.instagram.com/reel/DYwfKoko68c/,* brands that look like other brands,1,instagram,retrieved,ig:DYwfKoko68c,valeri_yutsik,adjacent_fashion_or_other,88,automatic_unverified
S039,https://www.instagram.com/p/DR1QtjoAEn-/,"* velantra affordable luxury 

Rania.haggag

Wear_this_next",1,instagram,retrieved,ig:DR1QtjoAEn-,duppescents,adjacent_fashion_or_other,94,automatic_unverified
S040,https://www.instagram.com/reel/Da2IsoAzx76/,,1,instagram,retrieved,ig:Da2IsoAzx76,shopvestirsi,adjacent_fashion_or_other,1,automatic_unverified
S041,https://www.instagram.com/reel/Da05LKzRsq3/,* the bag for everything,1,instagram,retrieved,ig:Da05LKzRsq3,michaelkors,adjacent_fashion_or_other,34,automatic_unverified
S042,https://www.instagram.com/reel/Dagg5MRz8eF/,"Gifting angle 
* ai talking head, ai voiceover 

Upgrade angle

Back in stock angle",1,instagram,retrieved,ig:Dagg5MRz8eF,catspanti,handbag_context,100,automatic_unverified
S043,https://www.instagram.com/p/Da2-DkKAmcW/,Apology/transparency style ad,1,instagram,retrieved,ig:Da2-DkKAmcW,aureum.collective,handbag_context,7,automatic_unverified
S044,https://www.instagram.com/reel/Dam1DEZzstm/,,1,instagram,retrieved,ig:Dam1DEZzstm,shopvestirsi,adjacent_fashion_or_other,1,automatic_unverified
S045,https://www.instagram.com/p/Dar2qW7mTIW/,,1,instagram,retrieved,ig:Dar2qW7mTIW,shopvestirsi,handbag_context,0,not_available
S046,https://www.instagram.com/reel/DbHeyqDT7VN/,,1,instagram,retrieved,ig:DbHeyqDT7VN,styledbyteree,handbag_context,0,automatic_unverified
S047,https://www.instagram.com/reel/Da5fM5dlSOK/,,1,instagram,retrieved,ig:Da5fM5dlSOK,alemi.zurich,handbag_context,5,automatic_unverified
S048,https://www.instagram.com/reel/DbIhkWAMEWB/,* match bag to outfit,1,instagram,retrieved,ig:DbIhkWAMEWB,iamsaraouardii,handbag_context,50,automatic_unverified
S049,https://www.instagram.com/reel/DYPRepaNGq3/,* new luxury bag brand angle,1,instagram,retrieved,ig:DYPRepaNGq3,luxebyjinal,handbag_context,100,automatic_unverified
S050,https://www.instagram.com/p/DbJW8B9AHqf/,,1,instagram,not_retrieved,,,,0,not_available
S051,https://www.instagram.com/reel/DZcUsnzOvDB/,,1,instagram,retrieved,ig:DZcUsnzOvDB,marina_didovich,handbag_context,100,automatic_unverified
S052,https://www.instagram.com/reel/DXrxcfHjkmV/,"* if you love these brands, you need to be aware of this brand",1,instagram,retrieved,ig:DXrxcfHjkmV,jasminapuri,handbag_context,100,automatic_unverified
S053,https://www.instagram.com/reel/Da4Lm_EjYuz/,,1,instagram,retrieved,ig:Da4Lm_EjYuz,vellatini,handbag_context,1,automatic_unverified
S054,https://www.instagram.com/reel/DYXpZTYMt0W/,,1,instagram,retrieved,ig:DYXpZTYMt0W,ann.lisna,handbag_context,61,automatic_unverified
S055,https://www.instagram.com/reel/DbLwphLzdOm/,"* the perfect work bag, meridian",1,instagram,retrieved,ig:DbLwphLzdOm,styledbyteree,adjacent_fashion_or_other,0,automatic_unverified
S056,https://www.instagram.com/reel/DbMYFuRvrvC/,* perfect Birkin alternative,1,instagram,retrieved,ig:DbMYFuRvrvC,fashionfindswithava,adjacent_fashion_or_other,0,automatic_unverified
S057,https://www.instagram.com/reel/DaF_S2gGMmR/,* New color arrival,1,instagram,retrieved,ig:DaF_S2gGMmR,alemi.zurich,adjacent_fashion_or_other,1,automatic_unverified
S058,https://www.instagram.com/reel/Daz3BysAfYj/,* cool girl bag pack,1,instagram,retrieved,ig:Daz3BysAfYj,sophchiang,handbag_context,100,automatic_unverified
S059,https://www.instagram.com/p/DSWB_i_ALqB/,* Birkin letter,1,instagram,retrieved,ig:DSWB_i_ALqB,duppescents,adjacent_fashion_or_other,98,automatic_unverified
S060,https://www.instagram.com/reel/DPG9kZ5kZWk/,* top 5 men’s weekender,1,instagram,retrieved,ig:DPG9kZ5kZWk,calebulf,handbag_context,30,automatic_unverified
S061,https://www.instagram.com/reel/DWWdXh7Ebjz/,* pack it,1,instagram,retrieved,ig:DWWdXh7Ebjz,huntervought,handbag_context,66,automatic_unverified
S062,https://www.instagram.com/reel/DHvgPHWqmW2/,* work bag,1,instagram,retrieved,ig:DHvgPHWqmW2,lukas_schanderl,handbag_context,23,automatic_unverified
S063,https://www.instagram.com/reel/DO8lWKXClxX/,* affordable luxury,1,instagram,retrieved,ig:DO8lWKXClxX,bentaylortech,handbag_context,35,automatic_unverified
S064,https://www.instagram.com/reel/DXuGrZxDfhJ/,* men’s work,1,instagram,retrieved,ig:DXuGrZxDfhJ,domi.abendroth,handbag_context,68,automatic_unverified
S065,https://www.instagram.com/reel/DZA3DR8It05/,,1,instagram,retrieved,ig:DZA3DR8It05,sapar_brands,adjacent_fashion_or_other,98,automatic_unverified
S066,https://www.instagram.com/reel/DX93093O4y2/,,1,instagram,retrieved,ig:DX93093O4y2,calebulf,handbag_context,100,automatic_unverified
S067,https://www.instagram.com/reel/DafssF9IRyI/,* classy over flashy,1,instagram,retrieved,ig:DafssF9IRyI,pharrellmanyou,adjacent_fashion_or_other,46,automatic_unverified
S068,https://www.instagram.com/p/DZmq1zHAIp-/,"
* men’s angle",2,instagram,retrieved,ig:DZmq1zHAIp-,vellatini,handbag_context,41,automatic_unverified
S069,https://www.instagram.com/p/DY9scFmAKgj/,,1,instagram,retrieved,ig:DY9scFmAKgj,ftlbags,handbag_context,3,automatic_unverified
S070,https://www.instagram.com/reel/DbUtXy0t5oJ/,,1,instagram,retrieved,ig:DbUtXy0t5oJ,suly_home_lifestyle,handbag_context,100,automatic_unverified
S071,https://www.instagram.com/reel/DX-qYCCT5PA/,,1,instagram,retrieved,ig:DX-qYCCT5PA,beersister_official,handbag_context,12,automatic_unverified
S072,https://www.instagram.com/reel/DZ53bCjhSh8/,,1,instagram,retrieved,ig:DZ53bCjhSh8,beersister_official,handbag_context,41,automatic_unverified
S073,https://www.instagram.com/p/C6tk06ngawl/,,1,instagram,retrieved,ig:C6tk06ngawl,shopcasalina,adjacent_fashion_or_other,93,automatic_unverified
S074,https://www.instagram.com/reel/DYitde2xgiC/,* bags of the week,1,instagram,retrieved,ig:DYitde2xgiC,emmysmx,adjacent_fashion_or_other,54,automatic_unverified
S075,https://www.instagram.com/p/DbLcoPLgWMl/,,1,instagram,retrieved,ig:DbLcoPLgWMl,classicalwaves,handbag_context,3,automatic_unverified
S076,https://app.trendtrack.io/share/ads/vestirsi-CaV5qO/,* founder bags concept,1,other,not_retrieved,,,,0,not_available
S077,https://www.instagram.com/reel/DbZB7wJjWEV/,* weekender in airport,1,instagram,retrieved,ig:DbZB7wJjWEV,beis,adjacent_fashion_or_other,23,automatic_unverified
S078,https://www.instagram.com/reel/DYU6BvfAVmQ/,* Best bags to buy for men,1,instagram,retrieved,ig:DYU6BvfAVmQ,blvckhoodieee,handbag_context,71,automatic_unverified
S079,https://www.instagram.com/p/DXUUX1ODCPW/,* street interview in luxury attire,1,instagram,retrieved,ig:DXUUX1ODCPW,bagistauk,handbag_context,0,automatic_unverified
S080,https://www.tiktok.com/@spiritual.materialist/video/7668001244018986273/,* judging girls bags,1,tiktok,retrieved,tt:7668001244018986273,spiritual.materialist,handbag_context,200,not_available
S081,https://www.instagram.com/reel/DcUFBAQPLts/,,1,instagram,retrieved,ig:DcUFBAQPLts,markandgraham,handbag_context,1,automatic_unverified
S082,https://www.instagram.com/p/Db3WsbVAe09/,,1,instagram,retrieved,ig:Db3WsbVAe09,carlfriedrik,handbag_context,0,automatic_unverified
S083,https://www.instagram.com/p/Db3WsbQAX9Z/,,1,instagram,retrieved,ig:Db3WsbQAX9Z,carlfriedrik,handbag_context,1,automatic_unverified
S084,https://www.instagram.com/p/DcMSxrogpFQ/,,1,instagram,retrieved,ig:DcMSxrogpFQ,brodo.vordo,adjacent_fashion_or_other,3,automatic_unverified
S085,https://www.instagram.com/p/Db6oIeWAYmk/,,1,instagram,retrieved,ig:Db6oIeWAYmk,jaxxon,adjacent_fashion_or_other,0,automatic_unverified
S086,https://www.instagram.com/reel/DcbWhitOnk7/,,1,instagram,retrieved,ig:DcbWhitOnk7,tarmcc,adjacent_fashion_or_other,100,automatic_unverified
S087,https://www.instagram.com/reel/Dcb0yYByhb-/,,1,instagram,retrieved,ig:Dcb0yYByhb-,jilynnelizabeth,adjacent_fashion_or_other,40,automatic_unverified
S088,https://www.instagram.com/p/DcJd0Y5AGgb/,* brad pitt,1,instagram,retrieved,ig:DcJd0Y5AGgb,trevor_cross1,handbag_context,13,automatic_unverified
S089,https://www.instagram.com/p/DbZVk6fg-RU/,,1,instagram,retrieved,ig:DbZVk6fg-RU,onequince,adjacent_fashion_or_other,21,automatic_unverified
S090,https://www.instagram.com/p/DbIInIlg7JS/,,1,instagram,retrieved,ig:DbIInIlg7JS,parknoire.co,adjacent_fashion_or_other,0,automatic_unverified
S091,https://www.instagram.com/reel/Dcjorv-y74O/,* oversized travel bags that are actually chic,1,instagram,retrieved,ig:Dcjorv-y74O,annalise_salm,handbag_context,100,automatic_unverified
S092,https://www.instagram.com/p/DcaSvauA5KA/,* old money look,1,instagram,retrieved,ig:DcaSvauA5KA,themermanco,adjacent_fashion_or_other,18,automatic_unverified
S093,https://www.instagram.com/reel/DbYjau7Rd1O/,* fall trends worth buying after 30,1,instagram,retrieved,ig:DbYjau7Rd1O,erica.lynn.ramos,handbag_context,100,automatic_unverified
S094,https://www.instagram.com/reel/Dai_VLvz_X3/,,1,instagram,retrieved,ig:Dai_VLvz_X3,styledbyflorencia,adjacent_fashion_or_other,90,automatic_unverified
S095,https://www.instagram.com/p/Dca7KajMIAb/,,1,instagram,retrieved,ig:Dca7KajMIAb,dukedexter,adjacent_fashion_or_other,1,not_available
S096,https://www.instagram.com/reel/DcsvVuPv-VR/,,1,instagram,retrieved,ig:DcsvVuPv-VR,sezane,handbag_context,43,automatic_unverified
S097,https://www.instagram.com/reel/DckZrxuTwii/,,1,instagram,retrieved,ig:DckZrxuTwii,shezzy.jpeg,handbag_context,8,automatic_unverified
S098,https://www.instagram.com/reel/Dcgl2JFNPPf/,,1,instagram,retrieved,ig:Dcgl2JFNPPf,cosstores,handbag_context,100,automatic_unverified
S099,https://www.instagram.com/reel/DcXsS2tzlGv/,,1,instagram,retrieved,ig:DcXsS2tzlGv,shezzy.jpeg,handbag_context,2,automatic_unverified
S100,https://www.instagram.com/p/DbFo_S9gMpk/,,1,instagram,retrieved,ig:DbFo_S9gMpk,vellatini,handbag_context,2,automatic_unverified
S101,https://www.instagram.com/p/DZpphJ8sdwB/,,1,instagram,retrieved,ig:DZpphJ8sdwB,pureform.eu,adjacent_fashion_or_other,98,automatic_unverified
S102,https://www.instagram.com/reel/DcoJLhqiTkB/,,1,instagram,retrieved,ig:DcoJLhqiTkB,wendyslookbook,handbag_context,100,automatic_unverified
S103,https://www.instagram.com/reel/DbyVQc0RBJC/,,1,instagram,retrieved,ig:DbyVQc0RBJC,thechelseastandard,handbag_context,100,automatic_unverified
S104,https://www.instagram.com/p/DbC9Gy4AcNq/,,1,instagram,retrieved,ig:DbC9Gy4AcNq,imthatlee,adjacent_fashion_or_other,2,automatic_unverified
S105,https://www.instagram.com/reel/Dcl0MfxMwts/,,1,instagram,retrieved,ig:Dcl0MfxMwts,connoisseurbyhugo,handbag_context,100,automatic_unverified
S106,https://www.instagram.com/reel/Db94oszt8Xt/,,1,instagram,retrieved,ig:Db94oszt8Xt,ryezxn,adjacent_fashion_or_other,98,automatic_unverified
S107,https://www.instagram.com/reel/DcEx35uOfLE/,,1,instagram,retrieved,ig:DcEx35uOfLE,sophchiang,handbag_context,74,automatic_unverified
S108,https://www.instagram.com/reel/DcdqdquuB0l/,,1,instagram,retrieved,ig:DcdqdquuB0l,tarmcc,adjacent_fashion_or_other,8,automatic_unverified
S109,https://www.instagram.com/reel/DZOsGdmMppU/,* the best male purchase,1,instagram,retrieved,ig:DZOsGdmMppU,russ.lockedin,adjacent_fashion_or_other,45,automatic_unverified
S110,https://www.instagram.com/p/Da5oc5RsU9L/,* for men,1,instagram,retrieved,ig:Da5oc5RsU9L,satchelandpage,adjacent_fashion_or_other,1,automatic_unverified
S111,https://www.instagram.com/p/DbdW5anAxg5/,* men #2,1,instagram,retrieved,ig:DbdW5anAxg5,alecgrawe,handbag_context,1,automatic_unverified
S112,https://www.instagram.com/reel/Dax4VNvKxnZ/,*,1,instagram,retrieved,ig:Dax4VNvKxnZ,havrestudio,adjacent_fashion_or_other,99,automatic_unverified
S113,https://www.instagram.com/reel/DcwSp7fpVLc/,,1,instagram,retrieved,ig:DcwSp7fpVLc,blakeevinn,adjacent_fashion_or_other,100,automatic_unverified
S114,https://www.instagram.com/reel/DcTRP66pVOq/,,1,instagram,retrieved,ig:DcTRP66pVOq,aureum.collective,handbag_context,1,automatic_unverified
S115,https://www.instagram.com/reel/DcWLvteqezx/,* GET UP EURO FALL TRIP,1,instagram,retrieved,ig:DcWLvteqezx,iamsaraouardii,handbag_context,100,automatic_unverified
S116,https://www.instagram.com/reel/DcPOagUzyNx/,* the bag I want to buy,1,instagram,retrieved,ig:DcPOagUzyNx,catspanti,handbag_context,100,automatic_unverified
S117,https://www.instagram.com/reel/DcgfD_ejl4-/,"* velantra + suitcase set 
*",1,instagram,retrieved,ig:DcgfD_ejl4-,beis,handbag_context,46,automatic_unverified
S118,https://www.instagram.com/reel/DcljDRyKTWR/,* bag I won’t be buying again,1,instagram,retrieved,ig:DcljDRyKTWR,iamsaraouardii,adjacent_fashion_or_other,19,automatic_unverified
S119,https://www.instagram.com/reel/Dbdnok1ttWG/,* insecurity angle,1,instagram,retrieved,ig:Dbdnok1ttWG,spiritual.materialist,handbag_context,98,automatic_unverified
S120,https://www.instagram.com/reel/Dcygr_ux63y/,* Stop buying bags that make your outfit look cheaper and upgrade your outfit with velantra,1,instagram,retrieved,ig:Dcygr_ux63y,blakeevinn,adjacent_fashion_or_other,100,automatic_unverified
S121,https://www.instagram.com/reel/DcEudEWJgzk/,* Expensive bag vs our bag,1,instagram,retrieved,ig:DcEudEWJgzk,jenn_from_findies,adjacent_fashion_or_other,100,automatic_unverified
S122,https://www.instagram.com/reel/DcwbazQg351/,* moms angle,1,instagram,retrieved,ig:DcwbazQg351,wear_this_next,adjacent_fashion_or_other,10,automatic_unverified
S123,https://www.instagram.com/reel/DcUxPf9DjMi/,* the heritage brand that isn’t Hermes,1,instagram,retrieved,ig:DcUxPf9DjMi,intentionalluxbish,handbag_context,53,automatic_unverified
S124,https://www.instagram.com/reel/DcRsKHHBW45/,* seedance 2.5 old money look,1,instagram,retrieved,ig:DcRsKHHBW45,classofpalmbeach,handbag_context,98,automatic_unverified
S125,https://www.instagram.com/reel/Db9QfF-zVhz/,* Stop spending designer money on bags,1,instagram,retrieved,ig:Db9QfF-zVhz,catspanti,handbag_context,100,automatic_unverified
S126,https://www.instagram.com/reel/Da8Z4g3MwcJ/,* street interview,1,instagram,retrieved,ig:Da8Z4g3MwcJ,the___gloss,handbag_context,99,automatic_unverified
S127,https://www.instagram.com/reel/DcOkDmFOC7I/,* buying better is the new Birkin,1,instagram,retrieved,ig:DcOkDmFOC7I,selloutartist_,handbag_context,16,automatic_unverified
S128,https://www.instagram.com/reel/DW5CM72iBZF/,"* Podcast, why are handbags so expensive hook",1,instagram,retrieved,ig:DW5CM72iBZF,permissiontoshine_,adjacent_fashion_or_other,75,automatic_unverified
S129,https://www.instagram.com/reel/DczLYq1goao/,"* where cool girls are buying bags, all around velantra, run to collection page",1,instagram,retrieved,ig:DczLYq1goao,steffieinthecity,handbag_context,100,automatic_unverified
S130,https://www.instagram.com/p/DcRniFMSK53/,* men’s static,1,instagram,retrieved,ig:DcRniFMSK53,pearledivory,adjacent_fashion_or_other,0,not_available
S131,https://www.instagram.com/p/DcVWv7ZAfvN/,* podcast style ad 2,1,instagram,retrieved,ig:DcVWv7ZAfvN,klonescents,adjacent_fashion_or_other,0,automatic_unverified
S132,https://www.instagram.com/p/DcFmN-agPC0/,"* why are you so expensive, compare to Birkin bag",1,instagram,retrieved,ig:DcFmN-agPC0,klonescents,adjacent_fashion_or_other,0,automatic_unverified
S133,https://www.instagram.com/reel/DZ3gXIzq35d/,* how much is this,1,instagram,retrieved,ig:DZ3gXIzq35d,levitatestyle,adjacent_fashion_or_other,63,automatic_unverified
S134,https://www.instagram.com/reel/Dcq__agouAR/,* affordable luxury angle,1,instagram,retrieved,ig:Dcq__agouAR,looply_luxury,handbag_context,99,automatic_unverified
S135,https://www.instagram.com/reel/DXW4_WnCCzi/,* European luxury angle,1,instagram,retrieved,ig:DXW4_WnCCzi,the.swiss.chris,adjacent_fashion_or_other,15,automatic_unverified
S136,https://www.instagram.com/reel/DbNghyXMTzl/,* Birkin or boyfriend,1,instagram,retrieved,ig:DbNghyXMTzl,bagistauk,handbag_context,91,automatic_unverified
S137,https://www.instagram.com/reel/DbvWK7jAGj7/,* pack,1,instagram,retrieved,ig:DbvWK7jAGj7,alemi.zurich,handbag_context,100,automatic_unverified
S138,https://www.instagram.com/reel/DckbXyGt785/,"* dupe angle
* RUN UP",2,instagram,retrieved,ig:DckbXyGt785,gracekelleee,adjacent_fashion_or_other,19,automatic_unverified
S139,https://www.instagram.com/p/Db9N0Ptgfds/,,1,instagram,retrieved,ig:Db9N0Ptgfds,steffieinthecity,adjacent_fashion_or_other,24,automatic_unverified
S140,https://www.instagram.com/reel/DcqPNjLOTOh/,* handbag scam,1,instagram,retrieved,ig:DcqPNjLOTOh,connoisseurbyhugo,adjacent_fashion_or_other,22,automatic_unverified
S141,https://www.instagram.com/reel/Dc1lXpgh_NT/,* Quality luxury without paying that price,1,instagram,retrieved,ig:Dc1lXpgh_NT,elaine_manthei,handbag_context,100,automatic_unverified
S142,https://www.instagram.com/p/Dc_PHRHAc1D/,* brand film,1,instagram,retrieved,ig:Dc_PHRHAc1D,carlfriedrik,adjacent_fashion_or_other,0,automatic_unverified
S143,https://www.instagram.com/reel/DcluoTsM_lV/,* Bags you shouldn’t waste your money on,1,instagram,retrieved,ig:DcluoTsM_lV,brandonbalfourr,handbag_context,53,automatic_unverified
S144,https://www.instagram.com/reel/Dc_mbf-NPdT/,* bags you should buy for fall,1,instagram,retrieved,ig:Dc_mbf-NPdT,alisonloehnis,adjacent_fashion_or_other,100,automatic_unverified
S145,https://www.instagram.com/p/Db4ULqGMNoU/,* women holding the bags,1,instagram,retrieved,ig:Db4ULqGMNoU,cascalia_,adjacent_fashion_or_other,0,not_available
S146,https://www.instagram.com/reel/DcvE8uHu4Jd/,* stop buying Birkin,1,instagram,retrieved,ig:DcvE8uHu4Jd,connoisseurbyhugo,handbag_context,100,automatic_unverified
S147,https://www.instagram.com/reel/Dc_zbXRp_c6/,"* great scripting flow, run Birkin style without paying the price",1,instagram,retrieved,ig:Dc_zbXRp_c6,blakeevinn,adjacent_fashion_or_other,100,automatic_unverified
S148,https://www.instagram.com/reel/Dc2_9ydS0x1/,* Sezanne branded,1,instagram,retrieved,ig:Dc2_9ydS0x1,sezane,adjacent_fashion_or_other,100,automatic_unverified
S149,https://www.instagram.com/reel/Dakb7gKt_lj/,* outfit concept,1,instagram,retrieved,ig:Dakb7gKt_lj,blenin.shop,adjacent_fashion_or_other,40,automatic_unverified
S150,https://www.instagram.com/reel/DcB0ybMOP-6/,* Ralph Lauren branded,1,instagram,retrieved,ig:DcB0ybMOP-6,tarmcc,adjacent_fashion_or_other,98,automatic_unverified
S151,https://www.instagram.com/p/Db8-FZXsPEd/,* the bag that everyone is talking about,1,instagram,retrieved,ig:Db8-FZXsPEd,pascaldesignofficial,adjacent_fashion_or_other,4,automatic_unverified
S152,https://www.instagram.com/reel/DbremFIqt92/,* bag and outfit,1,instagram,retrieved,ig:DbremFIqt92,erikxei,adjacent_fashion_or_other,100,automatic_unverified
S153,https://www.instagram.com/reel/Dc85VrJxehB/,* bags for men,1,instagram,retrieved,ig:Dc85VrJxehB,olliezaym,handbag_context,12,automatic_unverified
S154,https://x.com/tryatria_AI/status/2097075179482480905/,* designer brand conspiracy,1,other,not_retrieved,,,,0,not_available
S155,https://www.instagram.com/reel/DZ3oWtBlJFz/,* luxury people who don’t care about the logo,1,instagram,retrieved,ig:DZ3oWtBlJFz,wukong.gentcraft,handbag_context,9,automatic_unverified
S156,https://www.instagram.com/p/DQ4SzAXAPfT/,* POV: you bought a $150 bag and everyone thinks it’s $2000,1,instagram,retrieved,ig:DQ4SzAXAPfT,luckyfours,adjacent_fashion_or_other,100,automatic_unverified
S157,https://www.instagram.com/p/DdAxBmQA9cG/,* song,1,instagram,retrieved,ig:DdAxBmQA9cG,nuamore,adjacent_fashion_or_other,0,automatic_unverified
S158,https://www.instagram.com/reel/DdCfL_KpU2S/,* social proof angle,1,instagram,retrieved,ig:DdCfL_KpU2S,blakeevinn,adjacent_fashion_or_other,100,automatic_unverified
S159,https://www.instagram.com/p/Db8yT45gqOr/,* bof sale,1,instagram,retrieved,ig:Db8yT45gqOr,mikeandmack,adjacent_fashion_or_other,1,automatic_unverified
S160,https://www.instagram.com/p/DcMeCLRsyaD/,* social proof,1,instagram,retrieved,ig:DcMeCLRsyaD,cuts,adjacent_fashion_or_other,18,automatic_unverified
S161,https://www.instagram.com/p/DbbRz2SgFfY/,* gf angle,1,instagram,retrieved,ig:DbbRz2SgFfY,jaxxon,adjacent_fashion_or_other,16,automatic_unverified
S162,https://www.instagram.com/p/DdAxBh7A_SN/,* Singing 2,1,instagram,retrieved,ig:DdAxBh7A_SN,nuamore,adjacent_fashion_or_other,0,automatic_unverified
S163,https://www.instagram.com/reel/DdGkkwQlOp9/,"* top 10
*",1,instagram,retrieved,ig:DdGkkwQlOp9,vellatini,handbag_context,0,automatic_unverified
S164,https://www.instagram.com/p/Dcu1WXmAhPq/,* listicle format,1,instagram,retrieved,ig:Dcu1WXmAhPq,onequince,adjacent_fashion_or_other,4,automatic_unverified
S165,https://www.instagram.com/p/DadLewIAJXZ/,* illusion of choice,1,instagram,retrieved,ig:DadLewIAJXZ,nuamore,adjacent_fashion_or_other,0,not_available
S166,https://www.instagram.com/reel/DdHj_14MzqM/,* look for less,1,instagram,retrieved,ig:DdHj_14MzqM,tarmcc,adjacent_fashion_or_other,57,automatic_unverified
S167,https://www.instagram.com/p/DdGCbRPAOa4/,* attraction angle,1,instagram,retrieved,ig:DdGCbRPAOa4,sophia.cares,adjacent_fashion_or_other,0,automatic_unverified
