window,ad_name,type,campaign,spend,conversions,cpa,roas,hook_rate,hold_rate,ctr,verdict
2026-08-01..2026-08-08,1,image,straw birkin 2,3418.68,61,56.04,2.33,27.3,25.5,5.94,watch
2026-08-01..2026-08-08,founder h4.mp4,video,weekender v2,2201.21,44,50.03,3.33,41.8,32.3,9.56,scale
2026-08-01..2026-08-08,3,image,straw birkin 2,1840.59,28,65.74,2.25,27.4,27.9,5.29,watch
2026-08-01..2026-08-08,VEL-WEEKENDER-BUILT-CRAFT-01_amaya,video,weekender v2,1359.94,13,104.61,1.57,53.6,42.1,10.31,iterate
2026-08-01..2026-08-08,velantra weekender intro final.mp4,video,weekender v2,842.54,14,60.18,3.24,33.9,27.3,5.87,scale
2026-08-01..2026-08-08,2,image,straw birkin 2,518.56,5,103.71,1.32,11.4,21.8,4.83,watch
2026-08-01..2026-08-08,VEL-STRAWTOTE-UGC-TH-VIRAL-V01,video,straw birkin 2,479.01,6,79.84,1.70,42.7,30.9,7.13,watch
2026-08-01..2026-08-08,VEL-STRAWTOTE-UGC-VO-V02_9x16_clean,video,straw birkin 2,447.11,7,63.87,1.97,32.2,27.6,6.10,watch
2026-08-01..2026-08-08,VEL-STRAWTOTE-CLEARANCE-V01,video,straw birkin 2,374.61,8,46.83,2.89,30.7,25.0,5.37,iterate
2026-08-01..2026-08-08,VEL-CARRYON-03-rides-carryon-4x5,dynamic,weekender v2,297.52,6,49.59,2.87,0.0,0.0,3.71,iterate
2026-08-01..2026-08-08,black intro v1,video,straw birkin v4,295.84,5,59.17,1.99,53.1,22.4,9.48,watch
2026-08-01..2026-08-08,VEL-BACKINSTOCK-eleanor-army-green-4x5,dynamic,weekender v2,277.72,2,138.86,0.80,0.0,0.0,4.26,kill
2026-08-01..2026-08-08,h3,video,founder,167.69,2,83.85,1.48,59.8,31.1,15.76,iterate
2026-08-01..2026-08-08,founder h3.mp4,video,weekender v2,102.96,1,102.96,1.40,42.4,34.8,9.90,watch
2026-08-01..2026-08-08,general travel.mp4,video,weekender v2,86.57,2,43.29,3.33,29.2,29.4,5.36,iterate
2026-08-01..2026-08-08,founder h1.mp4,video,weekender v2,79.48,0,,0.00,38.3,35.8,6.28,watch
2026-08-01..2026-08-08,street interview v2,video,straw birkin 2,68.96,1,68.96,1.57,45.7,29.9,8.53,watch
2026-08-01..2026-08-08,hf_20260624_024342_c2a8854e-11fa-4d18-87a8-2221a4c9c0af,video,straw birkin 2,59.58,0,,0.00,37.3,23.4,6.61,watch
2026-08-01..2026-08-08,h1,video,founder,57.89,1,57.89,2.76,58.2,29.5,11.58,iterate
2026-08-01..2026-08-08,h8,video,founder,54.83,0,,0.00,48.7,32.4,11.84,iterate
2026-08-01..2026-08-08,scam captioned,video,straw birkin 2,53.95,1,53.95,2.22,47.5,28.0,8.20,iterate
2026-08-01..2026-08-08,ask me final.mp4,video,straw birkin 2,43.40,0,,0.00,34.4,20.3,5.65,watch
2026-08-01..2026-08-08,6,image,straw birkin 2,38.05,1,38.05,3.78,0.0,0.0,2.83,iterate
2026-08-01..2026-08-08,affordable luxury voiceover,video,straw birkin 2,36.89,0,,0.00,29.8,27.0,7.69,watch
2026-08-01..2026-08-08,VEL-CLAY-WINDOW-01-window-seat,video,weekender v2,33.22,1,33.22,5.12,43.2,22.5,7.55,iterate
2026-08-01..2026-08-08,VEL-BACKINSTOCK-eleanor-light-chocolate-4x5,dynamic,weekender v2,29.63,0,,0.00,0.0,0.0,5.15,watch
2026-08-01..2026-08-08,velantra_straw_birkin_ad_1,video,straw birkin 2,29.44,0,,0.00,20.5,45.9,4.82,watch
2026-08-01..2026-08-08,VEL-STRAW-MOF-REVIEW-lightning-orange,image,straw birkin 2,28.59,0,,0.00,0.0,0.0,3.82,watch
2026-08-01..2026-08-08,0624 (2),video,straw birkin 2,24.40,0,,0.00,26.8,21.6,4.71,watch
2026-08-01..2026-08-08,a-preorder-open,image,colette,23.45,1,23.45,7.12,0.0,0.0,4.84,iterate
2026-08-01..2026-08-08,VEL-POV-SHELF-01-ilovestuff-refsound,video,straw birkin 2,22.77,0,,0.00,35.8,52.9,4.14,watch
2026-08-01..2026-08-08,eleanor-girl-math-hookc,video,weekender v2,22.05,0,,0.00,23.2,26.1,3.77,watch
2026-08-01..2026-08-08,h4,video,founder,21.71,0,,0.00,50.8,23.3,13.56,watch
2026-08-01..2026-08-08,straw-tote-tof-ugc-v5-dana,video,straw birkin 2,21.28,0,,0.00,26.2,16.4,4.72,watch
2026-08-01..2026-08-08,VEL-BACKINSTOCK-sofia-sunny-yellow-4x5,dynamic,straw birkin 2,18.98,1,18.98,13.75,0.0,0.0,1.40,iterate
2026-08-01..2026-08-08,5,image,straw birkin 2,18.41,0,,0.00,0.0,0.0,3.30,watch
2026-08-01..2026-08-08,e-everything-bag (1),image,colette,17.84,0,,0.00,0.0,0.0,6.96,watch
2026-08-01..2026-08-08,hf_20260703_060018_5d523207-037a-416c-8a26-da28437b67c8,video,straw birkin 2,17.52,0,,0.00,26.2,49.0,6.15,watch
2026-08-01..2026-08-08,apology .mp4,video,straw birkin 2,16.97,0,,0.00,44.8,29.9,11.63,watch
2026-08-01..2026-08-08,fall travel.mp4,video,weekender v2,16.56,0,,0.00,29.7,37.1,6.36,watch
2026-08-01..2026-08-08,founder h5.mp4,video,margot,15.94,0,,0.00,48.0,32.7,11.76,iterate
2026-08-01..2026-08-08,margot-tof-ugc-thatbag-v1-claire,video,margot,15.16,0,,0.00,51.5,14.3,8.82,watch
2026-08-01..2026-08-08,founder h2.mp4,video,weekender v2,13.17,0,,0.00,36.1,27.3,3.28,watch
2026-08-01..2026-08-08,VEL-BAGS-FOR-SUMMER-holdup (1),video,straw birkin 2,12.72,0,,0.00,27.4,36.1,3.42,watch
2026-08-01..2026-08-08,e-everything-bag,image,colette,12.27,0,,0.00,0.0,0.0,2.27,watch
2026-08-01..2026-08-08,4,image,straw birkin 2,10.81,1,10.81,13.32,0.0,0.0,2.62,iterate
2026-08-01..2026-08-08,eleanor-girl-math-hookb,video,weekender v2,10.49,0,,0.00,35.6,21.4,3.39,watch
2026-08-01..2026-08-08,VEL-BAGOFSUMMER-light-chocolate,image,straw birkin 2,10.45,0,,0.00,0.0,0.0,3.43,watch
2026-08-01..2026-08-08,hf_20260707_160157_aa19ea48-a0fa-4c1c-879b-754d5cc4cb7f,video,straw birkin 2,10.17,0,,0.00,34.6,12.9,2.23,watch
2026-08-01..2026-08-08,velantra_static_coastal_rocks,image,straw birkin 2,10.08,0,,0.00,0.0,0.0,3.68,watch
2026-08-01..2026-08-08,VEL-ELEANOR-MOF-REVIEW-light-chocolate-d,image,weekender v2,9.83,0,,0.00,0.0,0.0,3.60,watch
2026-08-01..2026-08-08,black intro v2,video,straw birkin v4,9.47,0,,0.00,45.2,14.3,4.84,watch
2026-08-01..2026-08-08,VEL-WEEKENDER-BUILT-CRAFT-01_lily,video,weekender v2,6.70,0,,0.00,53.8,38.1,5.13,iterate
2026-08-01..2026-08-08,black-tote-1,image,straw birkin 2,6.41,0,,0.00,0.0,0.0,1.50,watch
2026-08-01..2026-08-08,VEL-CARRYON-01-friday-flight-4x5,dynamic,weekender v2,6.29,0,,0.00,0.0,0.0,5.33,watch
2026-08-01..2026-08-08,goes with everything final.mp4,video,straw birkin 2,6.01,0,,0.00,17.2,18.8,1.08,watch
2026-08-01..2026-08-08,black intro v3,video,straw birkin v4,5.30,0,,0.00,40.4,15.8,6.38,watch
2026-08-01..2026-08-08,VEL-CLAY-WOVEN-01-woven-from-the-coast,video,straw birkin 2,4.73,0,,0.00,24.5,30.8,3.77,watch
2026-08-01..2026-08-08,a-preorder-open (1),image,colette,4.56,0,,0.00,0.0,0.0,1.89,watch
2026-08-01..2026-08-08,c-feels-like-a-coat (1),image,colette,4.46,0,,0.00,0.0,0.0,2.13,watch
2026-08-01..2026-08-08,VELANTRA-VACATATION-AIVO-FINAL-V1.mp4,video,straw birkin 2,4.30,0,,0.00,31.2,20.0,6.25,watch
2026-08-01..2026-08-08,VEL-CARRYON-02-three-days-4x5,dynamic,weekender v2,4.07,0,,0.00,0.0,0.0,4.69,watch
2026-08-01..2026-08-08,VEL-STRAW-REVEAL-lady-pink,video,straw birkin 2,3.30,0,,0.00,18.4,57.1,0.00,watch
2026-08-01..2026-08-08,final.mp4,video,straw birkin v4,3.27,0,,0.00,27.1,30.8,6.25,watch
2026-08-01..2026-08-08,f-first-bag-of-fall (1),image,colette,3.04,0,,0.00,0.0,0.0,4.00,watch
2026-08-01..2026-08-08,b-manifesto (1),image,colette,2.95,0,,0.00,0.0,0.0,0.00,watch
2026-08-01..2026-08-08,VEL-WEEKENDER-ONROUTE-01-onroute-nyc,video,weekender v2,2.68,0,,0.00,52.6,60.0,10.53,iterate
2026-08-01..2026-08-08,c-feels-like-a-coat,image,colette,2.53,0,,0.00,0.0,0.0,2.04,watch
2026-08-01..2026-08-08,VEL-ELEANOR-MOF-REVIEW-army-green-b,image,weekender v2,2.43,0,,0.00,0.0,0.0,4.35,watch
2026-08-01..2026-08-08,VELANTRA-VACATATION-AIVO-FINAL-V3.mp4,video,straw birkin 2,1.98,0,,0.00,50.0,11.1,0.00,watch
2026-08-01..2026-08-08,final-refsound (2),video,straw birkin 2,1.92,0,,0.00,37.1,30.8,2.86,watch
2026-08-01..2026-08-08,f-first-bag-of-fall,image,colette,1.81,0,,0.00,0.0,0.0,5.88,watch
2026-08-01..2026-08-08,straw-tote-tof-ugc-v7-kate,video,straw birkin 2,1.67,0,,0.00,13.3,50.0,0.00,watch
2026-08-01..2026-08-08,eleanor-girl-math-v1,video,weekender v2,1.64,0,,0.00,33.3,40.0,13.33,watch
2026-08-01..2026-08-08,hf_20260703_064049_6eb2d35d-c0b6-4337-8752-95dd21be827a,video,straw birkin 2,1.42,0,,0.00,35.0,42.9,20.00,watch
2026-08-01..2026-08-08,hf_20260703_064048_95411b59-2c6a-4032-b7da-6090d72f0d52,video,straw birkin 2,1.27,0,,0.00,33.3,100.0,0.00,watch
2026-08-01..2026-08-08,hf_20260624_031237_b3e596e5-7031-477c-98f9-0ab861bf05c3,video,straw birkin 2,1.07,0,,0.00,35.3,33.3,5.88,watch
