zero_based_frame,time_s,shot,analysis_proxy
0,0.00,R01,frames/0000.jpg
1,0.04,R01,frames/0001.jpg
2,0.08,R01,frames/0002.jpg
3,0.12,R01,frames/0003.jpg
4,0.16,R01,frames/0004.jpg
5,0.20,R01,frames/0005.jpg
6,0.24,R01,frames/0006.jpg
7,0.28,R01,frames/0007.jpg
8,0.32,R01,frames/0008.jpg
9,0.36,R01,frames/0009.jpg
10,0.40,R01,frames/0010.jpg
11,0.44,R01,frames/0011.jpg
12,0.48,R01,frames/0012.jpg
13,0.52,R01,frames/0013.jpg
14,0.56,R01,frames/0014.jpg
15,0.60,R01,frames/0015.jpg
16,0.64,R01,frames/0016.jpg
17,0.68,R01,frames/0017.jpg
18,0.72,R01,frames/0018.jpg
19,0.76,R01,frames/0019.jpg
20,0.80,R01,frames/0020.jpg
21,0.84,R01,frames/0021.jpg
22,0.88,R01,frames/0022.jpg
23,0.92,R01,frames/0023.jpg
24,0.96,R01,frames/0024.jpg
25,1.00,R01,frames/0025.jpg
26,1.04,R01,frames/0026.jpg
27,1.08,R01,frames/0027.jpg
28,1.12,R01,frames/0028.jpg
29,1.16,R01,frames/0029.jpg
30,1.20,R01,frames/0030.jpg
31,1.24,R01,frames/0031.jpg
32,1.28,R01,frames/0032.jpg
33,1.32,R01,frames/0033.jpg
34,1.36,R01,frames/0034.jpg
35,1.40,R01,frames/0035.jpg
36,1.44,R01,frames/0036.jpg
37,1.48,R01,frames/0037.jpg
38,1.52,R01,frames/0038.jpg
39,1.56,R01,frames/0039.jpg
40,1.60,R01,frames/0040.jpg
41,1.64,R01,frames/0041.jpg
42,1.68,R01,frames/0042.jpg
43,1.72,R01,frames/0043.jpg
44,1.76,R01,frames/0044.jpg
45,1.80,R01,frames/0045.jpg
46,1.84,R01,frames/0046.jpg
47,1.88,R01,frames/0047.jpg
48,1.92,R01,frames/0048.jpg
49,1.96,R01,frames/0049.jpg
50,2.00,R01,frames/0050.jpg
51,2.04,R01,frames/0051.jpg
52,2.08,R01,frames/0052.jpg
53,2.12,R01,frames/0053.jpg
54,2.16,R01,frames/0054.jpg
55,2.20,R01,frames/0055.jpg
56,2.24,R01,frames/0056.jpg
57,2.28,R01,frames/0057.jpg
58,2.32,R01,frames/0058.jpg
59,2.36,R01,frames/0059.jpg
60,2.40,R01,frames/0060.jpg
61,2.44,R01,frames/0061.jpg
62,2.48,R01,frames/0062.jpg
63,2.52,R01,frames/0063.jpg
64,2.56,R01,frames/0064.jpg
65,2.60,R01,frames/0065.jpg
66,2.64,R01,frames/0066.jpg
67,2.68,R01,frames/0067.jpg
68,2.72,R01,frames/0068.jpg
69,2.76,R01,frames/0069.jpg
70,2.80,R01,frames/0070.jpg
71,2.84,R01,frames/0071.jpg
72,2.88,R01,frames/0072.jpg
73,2.92,R01,frames/0073.jpg
74,2.96,R01,frames/0074.jpg
75,3.00,R01,frames/0075.jpg
76,3.04,R01,frames/0076.jpg
77,3.08,R01,frames/0077.jpg
78,3.12,R01,frames/0078.jpg
79,3.16,R01,frames/0079.jpg
80,3.20,R01,frames/0080.jpg
81,3.24,R01,frames/0081.jpg
82,3.28,R01,frames/0082.jpg
83,3.32,R01,frames/0083.jpg
84,3.36,R01,frames/0084.jpg
85,3.40,R01,frames/0085.jpg
86,3.44,R01,frames/0086.jpg
87,3.48,R01,frames/0087.jpg
88,3.52,R01,frames/0088.jpg
89,3.56,R01,frames/0089.jpg
90,3.60,R01,frames/0090.jpg
91,3.64,R01,frames/0091.jpg
92,3.68,R01,frames/0092.jpg
93,3.72,R01,frames/0093.jpg
94,3.76,R01,frames/0094.jpg
95,3.80,R01,frames/0095.jpg
96,3.84,R01,frames/0096.jpg
97,3.88,R01,frames/0097.jpg
98,3.92,R01,frames/0098.jpg
99,3.96,R01,frames/0099.jpg
100,4.00,R01,frames/0100.jpg
101,4.04,R01,frames/0101.jpg
102,4.08,R01,frames/0102.jpg
103,4.12,R01,frames/0103.jpg
104,4.16,R01,frames/0104.jpg
105,4.20,R01,frames/0105.jpg
106,4.24,R01,frames/0106.jpg
107,4.28,R01,frames/0107.jpg
108,4.32,R02,frames/0108.jpg
109,4.36,R02,frames/0109.jpg
110,4.40,R02,frames/0110.jpg
111,4.44,R02,frames/0111.jpg
112,4.48,R02,frames/0112.jpg
113,4.52,R02,frames/0113.jpg
114,4.56,R02,frames/0114.jpg
115,4.60,R02,frames/0115.jpg
116,4.64,R02,frames/0116.jpg
117,4.68,R02,frames/0117.jpg
118,4.72,R02,frames/0118.jpg
119,4.76,R02,frames/0119.jpg
120,4.80,R02,frames/0120.jpg
121,4.84,R02,frames/0121.jpg
122,4.88,R02,frames/0122.jpg
123,4.92,R02,frames/0123.jpg
124,4.96,R02,frames/0124.jpg
125,5.00,R02,frames/0125.jpg
126,5.04,R02,frames/0126.jpg
127,5.08,R02,frames/0127.jpg
128,5.12,R02,frames/0128.jpg
129,5.16,R02,frames/0129.jpg
130,5.20,R02,frames/0130.jpg
131,5.24,R02,frames/0131.jpg
132,5.28,R02,frames/0132.jpg
133,5.32,R02,frames/0133.jpg
134,5.36,R02,frames/0134.jpg
135,5.40,R02,frames/0135.jpg
136,5.44,R02,frames/0136.jpg
137,5.48,R02,frames/0137.jpg
138,5.52,R02,frames/0138.jpg
139,5.56,R02,frames/0139.jpg
140,5.60,R02,frames/0140.jpg
141,5.64,R02,frames/0141.jpg
142,5.68,R02,frames/0142.jpg
143,5.72,R02,frames/0143.jpg
144,5.76,R02,frames/0144.jpg
145,5.80,R02,frames/0145.jpg
146,5.84,R02,frames/0146.jpg
147,5.88,R02,frames/0147.jpg
148,5.92,R02,frames/0148.jpg
149,5.96,R02,frames/0149.jpg
150,6.00,R03,frames/0150.jpg
151,6.04,R03,frames/0151.jpg
152,6.08,R03,frames/0152.jpg
153,6.12,R03,frames/0153.jpg
154,6.16,R03,frames/0154.jpg
155,6.20,R03,frames/0155.jpg
156,6.24,R03,frames/0156.jpg
157,6.28,R03,frames/0157.jpg
158,6.32,R03,frames/0158.jpg
159,6.36,R03,frames/0159.jpg
160,6.40,R03,frames/0160.jpg
161,6.44,R03,frames/0161.jpg
162,6.48,R03,frames/0162.jpg
163,6.52,R03,frames/0163.jpg
164,6.56,R03,frames/0164.jpg
165,6.60,R03,frames/0165.jpg
166,6.64,R03,frames/0166.jpg
167,6.68,R03,frames/0167.jpg
168,6.72,R03,frames/0168.jpg
169,6.76,R03,frames/0169.jpg
170,6.80,R03,frames/0170.jpg
171,6.84,R03,frames/0171.jpg
172,6.88,R03,frames/0172.jpg
173,6.92,R03,frames/0173.jpg
174,6.96,R03,frames/0174.jpg
175,7.00,R03,frames/0175.jpg
176,7.04,R03,frames/0176.jpg
177,7.08,R03,frames/0177.jpg
178,7.12,R03,frames/0178.jpg
179,7.16,R03,frames/0179.jpg
180,7.20,R03,frames/0180.jpg
181,7.24,R03,frames/0181.jpg
182,7.28,R03,frames/0182.jpg
183,7.32,R03,frames/0183.jpg
184,7.36,R03,frames/0184.jpg
185,7.40,R03,frames/0185.jpg
186,7.44,R03,frames/0186.jpg
187,7.48,R03,frames/0187.jpg
188,7.52,R03,frames/0188.jpg
189,7.56,R03,frames/0189.jpg
190,7.60,R03,frames/0190.jpg
191,7.64,R03,frames/0191.jpg
192,7.68,R03,frames/0192.jpg
193,7.72,R03,frames/0193.jpg
194,7.76,R03,frames/0194.jpg
195,7.80,R04,frames/0195.jpg
196,7.84,R04,frames/0196.jpg
197,7.88,R04,frames/0197.jpg
198,7.92,R04,frames/0198.jpg
199,7.96,R04,frames/0199.jpg
200,8.00,R04,frames/0200.jpg
201,8.04,R04,frames/0201.jpg
202,8.08,R04,frames/0202.jpg
203,8.12,R04,frames/0203.jpg
204,8.16,R04,frames/0204.jpg
205,8.20,R04,frames/0205.jpg
206,8.24,R04,frames/0206.jpg
207,8.28,R04,frames/0207.jpg
208,8.32,R04,frames/0208.jpg
209,8.36,R04,frames/0209.jpg
210,8.40,R04,frames/0210.jpg
211,8.44,R04,frames/0211.jpg
212,8.48,R04,frames/0212.jpg
213,8.52,R04,frames/0213.jpg
214,8.56,R04,frames/0214.jpg
215,8.60,R04,frames/0215.jpg
216,8.64,R04,frames/0216.jpg
217,8.68,R04,frames/0217.jpg
218,8.72,R04,frames/0218.jpg
219,8.76,R04,frames/0219.jpg
220,8.80,R04,frames/0220.jpg
221,8.84,R04,frames/0221.jpg
222,8.88,R04,frames/0222.jpg
223,8.92,R04,frames/0223.jpg
224,8.96,R04,frames/0224.jpg
225,9.00,R04,frames/0225.jpg
226,9.04,R04,frames/0226.jpg
227,9.08,R04,frames/0227.jpg
228,9.12,R04,frames/0228.jpg
229,9.16,R04,frames/0229.jpg
230,9.20,R04,frames/0230.jpg
231,9.24,R04,frames/0231.jpg
232,9.28,R04,frames/0232.jpg
233,9.32,R04,frames/0233.jpg
234,9.36,R04,frames/0234.jpg
235,9.40,R04,frames/0235.jpg
236,9.44,R04,frames/0236.jpg
237,9.48,R04,frames/0237.jpg
238,9.52,R04,frames/0238.jpg
239,9.56,R04,frames/0239.jpg
240,9.60,R04,frames/0240.jpg
241,9.64,R04,frames/0241.jpg
242,9.68,R04,frames/0242.jpg
243,9.72,R04,frames/0243.jpg
244,9.76,R04,frames/0244.jpg
245,9.80,R04,frames/0245.jpg
246,9.84,R04,frames/0246.jpg
247,9.88,R04,frames/0247.jpg
248,9.92,R04,frames/0248.jpg
249,9.96,R04,frames/0249.jpg
250,10.00,R05,frames/0250.jpg
251,10.04,R05,frames/0251.jpg
252,10.08,R05,frames/0252.jpg
253,10.12,R05,frames/0253.jpg
254,10.16,R05,frames/0254.jpg
255,10.20,R05,frames/0255.jpg
256,10.24,R05,frames/0256.jpg
257,10.28,R05,frames/0257.jpg
258,10.32,R05,frames/0258.jpg
259,10.36,R05,frames/0259.jpg
260,10.40,R05,frames/0260.jpg
261,10.44,R05,frames/0261.jpg
262,10.48,R05,frames/0262.jpg
263,10.52,R05,frames/0263.jpg
264,10.56,R05,frames/0264.jpg
265,10.60,R05,frames/0265.jpg
266,10.64,R05,frames/0266.jpg
267,10.68,R05,frames/0267.jpg
268,10.72,R05,frames/0268.jpg
269,10.76,R05,frames/0269.jpg
270,10.80,R05,frames/0270.jpg
271,10.84,R05,frames/0271.jpg
272,10.88,R05,frames/0272.jpg
273,10.92,R05,frames/0273.jpg
274,10.96,R05,frames/0274.jpg
275,11.00,R05,frames/0275.jpg
276,11.04,R05,frames/0276.jpg
277,11.08,R05,frames/0277.jpg
278,11.12,R05,frames/0278.jpg
279,11.16,R05,frames/0279.jpg
280,11.20,R05,frames/0280.jpg
281,11.24,R05,frames/0281.jpg
282,11.28,R05,frames/0282.jpg
283,11.32,R05,frames/0283.jpg
284,11.36,R05,frames/0284.jpg
285,11.40,R06,frames/0285.jpg
286,11.44,R06,frames/0286.jpg
287,11.48,R06,frames/0287.jpg
288,11.52,R06,frames/0288.jpg
289,11.56,R06,frames/0289.jpg
290,11.60,R06,frames/0290.jpg
291,11.64,R06,frames/0291.jpg
292,11.68,R06,frames/0292.jpg
293,11.72,R06,frames/0293.jpg
294,11.76,R06,frames/0294.jpg
295,11.80,R06,frames/0295.jpg
296,11.84,R06,frames/0296.jpg
297,11.88,R06,frames/0297.jpg
298,11.92,R06,frames/0298.jpg
299,11.96,R06,frames/0299.jpg
300,12.00,R06,frames/0300.jpg
301,12.04,R06,frames/0301.jpg
302,12.08,R06,frames/0302.jpg
303,12.12,R06,frames/0303.jpg
304,12.16,R06,frames/0304.jpg
305,12.20,R06,frames/0305.jpg
306,12.24,R06,frames/0306.jpg
307,12.28,R06,frames/0307.jpg
308,12.32,R06,frames/0308.jpg
309,12.36,R06,frames/0309.jpg
310,12.40,R06,frames/0310.jpg
311,12.44,R06,frames/0311.jpg
312,12.48,R06,frames/0312.jpg
313,12.52,R06,frames/0313.jpg
314,12.56,R06,frames/0314.jpg
315,12.60,R06,frames/0315.jpg
316,12.64,R06,frames/0316.jpg
317,12.68,R06,frames/0317.jpg
318,12.72,R06,frames/0318.jpg
319,12.76,R07,frames/0319.jpg
320,12.80,R07,frames/0320.jpg
321,12.84,R07,frames/0321.jpg
322,12.88,R07,frames/0322.jpg
323,12.92,R07,frames/0323.jpg
324,12.96,R07,frames/0324.jpg
325,13.00,R07,frames/0325.jpg
326,13.04,R07,frames/0326.jpg
327,13.08,R07,frames/0327.jpg
328,13.12,R07,frames/0328.jpg
329,13.16,R07,frames/0329.jpg
330,13.20,R07,frames/0330.jpg
331,13.24,R07,frames/0331.jpg
332,13.28,R07,frames/0332.jpg
333,13.32,R07,frames/0333.jpg
334,13.36,R07,frames/0334.jpg
335,13.40,R07,frames/0335.jpg
336,13.44,R07,frames/0336.jpg
337,13.48,R07,frames/0337.jpg
338,13.52,R07,frames/0338.jpg
339,13.56,R07,frames/0339.jpg
340,13.60,R07,frames/0340.jpg
341,13.64,R07,frames/0341.jpg
342,13.68,R07,frames/0342.jpg
343,13.72,R07,frames/0343.jpg
344,13.76,R07,frames/0344.jpg
345,13.80,R07,frames/0345.jpg
346,13.84,R07,frames/0346.jpg
347,13.88,R07,frames/0347.jpg
348,13.92,R07,frames/0348.jpg
349,13.96,R07,frames/0349.jpg
350,14.00,R07,frames/0350.jpg
351,14.04,R07,frames/0351.jpg
352,14.08,R07,frames/0352.jpg
353,14.12,R07,frames/0353.jpg
354,14.16,R07,frames/0354.jpg
355,14.20,R07,frames/0355.jpg
356,14.24,R07,frames/0356.jpg
357,14.28,R07,frames/0357.jpg
358,14.32,R08,frames/0358.jpg
359,14.36,R08,frames/0359.jpg
360,14.40,R08,frames/0360.jpg
361,14.44,R08,frames/0361.jpg
362,14.48,R08,frames/0362.jpg
363,14.52,R08,frames/0363.jpg
364,14.56,R08,frames/0364.jpg
365,14.60,R08,frames/0365.jpg
366,14.64,R08,frames/0366.jpg
367,14.68,R08,frames/0367.jpg
368,14.72,R08,frames/0368.jpg
369,14.76,R08,frames/0369.jpg
370,14.80,R08,frames/0370.jpg
371,14.84,R08,frames/0371.jpg
372,14.88,R08,frames/0372.jpg
373,14.92,R08,frames/0373.jpg
374,14.96,R08,frames/0374.jpg
375,15.00,R08,frames/0375.jpg
376,15.04,R08,frames/0376.jpg
377,15.08,R08,frames/0377.jpg
378,15.12,R08,frames/0378.jpg
379,15.16,R08,frames/0379.jpg
380,15.20,R08,frames/0380.jpg
381,15.24,R08,frames/0381.jpg
382,15.28,R08,frames/0382.jpg
383,15.32,R08,frames/0383.jpg
384,15.36,R08,frames/0384.jpg
385,15.40,R08,frames/0385.jpg
386,15.44,R08,frames/0386.jpg
387,15.48,R08,frames/0387.jpg
388,15.52,R08,frames/0388.jpg
389,15.56,R08,frames/0389.jpg
390,15.60,R08,frames/0390.jpg
391,15.64,R08,frames/0391.jpg
392,15.68,R08,frames/0392.jpg
393,15.72,R08,frames/0393.jpg
394,15.76,R08,frames/0394.jpg
395,15.80,R08,frames/0395.jpg
396,15.84,R08,frames/0396.jpg
397,15.88,R08,frames/0397.jpg
398,15.92,R08,frames/0398.jpg
399,15.96,R08,frames/0399.jpg
400,16.00,R08,frames/0400.jpg
401,16.04,R09,frames/0401.jpg
402,16.08,R09,frames/0402.jpg
403,16.12,R09,frames/0403.jpg
404,16.16,R09,frames/0404.jpg
405,16.20,R09,frames/0405.jpg
406,16.24,R09,frames/0406.jpg
407,16.28,R09,frames/0407.jpg
408,16.32,R09,frames/0408.jpg
409,16.36,R09,frames/0409.jpg
410,16.40,R09,frames/0410.jpg
411,16.44,R09,frames/0411.jpg
412,16.48,R09,frames/0412.jpg
413,16.52,R09,frames/0413.jpg
414,16.56,R09,frames/0414.jpg
415,16.60,R09,frames/0415.jpg
416,16.64,R09,frames/0416.jpg
417,16.68,R09,frames/0417.jpg
418,16.72,R09,frames/0418.jpg
419,16.76,R09,frames/0419.jpg
420,16.80,R09,frames/0420.jpg
421,16.84,R09,frames/0421.jpg
422,16.88,R10,frames/0422.jpg
423,16.92,R10,frames/0423.jpg
424,16.96,R10,frames/0424.jpg
425,17.00,R10,frames/0425.jpg
426,17.04,R10,frames/0426.jpg
427,17.08,R10,frames/0427.jpg
428,17.12,R10,frames/0428.jpg
429,17.16,R10,frames/0429.jpg
430,17.20,R10,frames/0430.jpg
431,17.24,R10,frames/0431.jpg
432,17.28,R10,frames/0432.jpg
433,17.32,R10,frames/0433.jpg
434,17.36,R10,frames/0434.jpg
435,17.40,R10,frames/0435.jpg
436,17.44,R10,frames/0436.jpg
437,17.48,R10,frames/0437.jpg
438,17.52,R10,frames/0438.jpg
439,17.56,R10,frames/0439.jpg
440,17.60,R10,frames/0440.jpg
441,17.64,R10,frames/0441.jpg
442,17.68,R10,frames/0442.jpg
443,17.72,R10,frames/0443.jpg
444,17.76,R10,frames/0444.jpg
445,17.80,R10,frames/0445.jpg
446,17.84,R10,frames/0446.jpg
447,17.88,R10,frames/0447.jpg
448,17.92,R10,frames/0448.jpg
449,17.96,R10,frames/0449.jpg
450,18.00,R10,frames/0450.jpg
451,18.04,R10,frames/0451.jpg
452,18.08,R10,frames/0452.jpg
453,18.12,R10,frames/0453.jpg
454,18.16,R10,frames/0454.jpg
455,18.20,R11,frames/0455.jpg
456,18.24,R11,frames/0456.jpg
457,18.28,R11,frames/0457.jpg
458,18.32,R11,frames/0458.jpg
459,18.36,R11,frames/0459.jpg
460,18.40,R11,frames/0460.jpg
461,18.44,R11,frames/0461.jpg
462,18.48,R11,frames/0462.jpg
463,18.52,R11,frames/0463.jpg
464,18.56,R11,frames/0464.jpg
465,18.60,R11,frames/0465.jpg
466,18.64,R11,frames/0466.jpg
467,18.68,R11,frames/0467.jpg
468,18.72,R11,frames/0468.jpg
469,18.76,R11,frames/0469.jpg
470,18.80,R11,frames/0470.jpg
471,18.84,R11,frames/0471.jpg
472,18.88,R11,frames/0472.jpg
473,18.92,R11,frames/0473.jpg
474,18.96,R11,frames/0474.jpg
475,19.00,R11,frames/0475.jpg
476,19.04,R11,frames/0476.jpg
477,19.08,R11,frames/0477.jpg
478,19.12,R11,frames/0478.jpg
479,19.16,R11,frames/0479.jpg
480,19.20,R11,frames/0480.jpg
481,19.24,R11,frames/0481.jpg
482,19.28,R11,frames/0482.jpg
483,19.32,R11,frames/0483.jpg
484,19.36,R11,frames/0484.jpg
485,19.40,R11,frames/0485.jpg
486,19.44,R11,frames/0486.jpg
487,19.48,R11,frames/0487.jpg
488,19.52,R11,frames/0488.jpg
489,19.56,R11,frames/0489.jpg
490,19.60,R11,frames/0490.jpg
491,19.64,R11,frames/0491.jpg
492,19.68,R11,frames/0492.jpg
493,19.72,R11,frames/0493.jpg
494,19.76,R11,frames/0494.jpg
495,19.80,R11,frames/0495.jpg
496,19.84,R11,frames/0496.jpg
497,19.88,R11,frames/0497.jpg
498,19.92,R11,frames/0498.jpg
499,19.96,R11,frames/0499.jpg
500,20.00,R11,frames/0500.jpg
501,20.04,R11,frames/0501.jpg
502,20.08,R11,frames/0502.jpg
503,20.12,R11,frames/0503.jpg
504,20.16,R11,frames/0504.jpg
505,20.20,R11,frames/0505.jpg
506,20.24,R11,frames/0506.jpg
507,20.28,R11,frames/0507.jpg
508,20.32,R11,frames/0508.jpg
509,20.36,R11,frames/0509.jpg
510,20.40,R11,frames/0510.jpg
511,20.44,R11,frames/0511.jpg
512,20.48,R11,frames/0512.jpg
513,20.52,R11,frames/0513.jpg
514,20.56,R11,frames/0514.jpg
515,20.60,R11,frames/0515.jpg
516,20.64,R11,frames/0516.jpg
517,20.68,R11,frames/0517.jpg
518,20.72,R11,frames/0518.jpg
519,20.76,R11,frames/0519.jpg
520,20.80,R11,frames/0520.jpg
521,20.84,R11,frames/0521.jpg
522,20.88,R11,frames/0522.jpg
523,20.92,R11,frames/0523.jpg
524,20.96,R11,frames/0524.jpg
525,21.00,R11,frames/0525.jpg
526,21.04,R11,frames/0526.jpg
527,21.08,R11,frames/0527.jpg
528,21.12,R11,frames/0528.jpg
529,21.16,R11,frames/0529.jpg
530,21.20,R11,frames/0530.jpg
531,21.24,R11,frames/0531.jpg
532,21.28,R11,frames/0532.jpg
533,21.32,R11,frames/0533.jpg
534,21.36,R11,frames/0534.jpg
535,21.40,R11,frames/0535.jpg
536,21.44,R12,frames/0536.jpg
537,21.48,R12,frames/0537.jpg
538,21.52,R12,frames/0538.jpg
539,21.56,R12,frames/0539.jpg
540,21.60,R12,frames/0540.jpg
541,21.64,R12,frames/0541.jpg
542,21.68,R12,frames/0542.jpg
543,21.72,R12,frames/0543.jpg
544,21.76,R12,frames/0544.jpg
545,21.80,R12,frames/0545.jpg
546,21.84,R12,frames/0546.jpg
547,21.88,R12,frames/0547.jpg
548,21.92,R12,frames/0548.jpg
549,21.96,R12,frames/0549.jpg
550,22.00,R12,frames/0550.jpg
551,22.04,R12,frames/0551.jpg
552,22.08,R12,frames/0552.jpg
553,22.12,R12,frames/0553.jpg
554,22.16,R12,frames/0554.jpg
555,22.20,R12,frames/0555.jpg
556,22.24,R12,frames/0556.jpg
557,22.28,R12,frames/0557.jpg
558,22.32,R12,frames/0558.jpg
559,22.36,R12,frames/0559.jpg
560,22.40,R12,frames/0560.jpg
561,22.44,R12,frames/0561.jpg
562,22.48,R12,frames/0562.jpg
563,22.52,R12,frames/0563.jpg
564,22.56,R12,frames/0564.jpg
565,22.60,R12,frames/0565.jpg
566,22.64,R12,frames/0566.jpg
567,22.68,R12,frames/0567.jpg
568,22.72,R12,frames/0568.jpg
569,22.76,R13,frames/0569.jpg
570,22.80,R13,frames/0570.jpg
571,22.84,R13,frames/0571.jpg
572,22.88,R13,frames/0572.jpg
573,22.92,R13,frames/0573.jpg
574,22.96,R13,frames/0574.jpg
575,23.00,R13,frames/0575.jpg
576,23.04,R13,frames/0576.jpg
577,23.08,R13,frames/0577.jpg
578,23.12,R13,frames/0578.jpg
579,23.16,R13,frames/0579.jpg
580,23.20,R13,frames/0580.jpg
581,23.24,R13,frames/0581.jpg
582,23.28,R13,frames/0582.jpg
583,23.32,R13,frames/0583.jpg
584,23.36,R13,frames/0584.jpg
585,23.40,R13,frames/0585.jpg
586,23.44,R13,frames/0586.jpg
587,23.48,R13,frames/0587.jpg
588,23.52,R13,frames/0588.jpg
589,23.56,R13,frames/0589.jpg
590,23.60,R13,frames/0590.jpg
591,23.64,R13,frames/0591.jpg
592,23.68,R13,frames/0592.jpg
593,23.72,R13,frames/0593.jpg
594,23.76,R13,frames/0594.jpg
595,23.80,R13,frames/0595.jpg
596,23.84,R13,frames/0596.jpg
597,23.88,R13,frames/0597.jpg
598,23.92,R13,frames/0598.jpg
599,23.96,R13,frames/0599.jpg
600,24.00,R13,frames/0600.jpg
601,24.04,R13,frames/0601.jpg
602,24.08,R13,frames/0602.jpg
603,24.12,R13,frames/0603.jpg
604,24.16,R13,frames/0604.jpg
605,24.20,R13,frames/0605.jpg
606,24.24,R13,frames/0606.jpg
607,24.28,R13,frames/0607.jpg
608,24.32,R13,frames/0608.jpg
609,24.36,R13,frames/0609.jpg
610,24.40,R13,frames/0610.jpg
611,24.44,R13,frames/0611.jpg
612,24.48,R13,frames/0612.jpg
613,24.52,R13,frames/0613.jpg
614,24.56,R13,frames/0614.jpg
615,24.60,R13,frames/0615.jpg
616,24.64,R13,frames/0616.jpg
617,24.68,R13,frames/0617.jpg
618,24.72,R13,frames/0618.jpg
619,24.76,R13,frames/0619.jpg
620,24.80,R13,frames/0620.jpg
621,24.84,R13,frames/0621.jpg
622,24.88,R13,frames/0622.jpg
623,24.92,R13,frames/0623.jpg
624,24.96,R13,frames/0624.jpg
625,25.00,R13,frames/0625.jpg
626,25.04,R14,frames/0626.jpg
627,25.08,R14,frames/0627.jpg
628,25.12,R14,frames/0628.jpg
629,25.16,R14,frames/0629.jpg
630,25.20,R14,frames/0630.jpg
631,25.24,R14,frames/0631.jpg
632,25.28,R14,frames/0632.jpg
633,25.32,R14,frames/0633.jpg
634,25.36,R14,frames/0634.jpg
635,25.40,R14,frames/0635.jpg
636,25.44,R14,frames/0636.jpg
637,25.48,R14,frames/0637.jpg
638,25.52,R14,frames/0638.jpg
639,25.56,R14,frames/0639.jpg
640,25.60,R14,frames/0640.jpg
641,25.64,R14,frames/0641.jpg
642,25.68,R14,frames/0642.jpg
643,25.72,R14,frames/0643.jpg
644,25.76,R14,frames/0644.jpg
645,25.80,R14,frames/0645.jpg
646,25.84,R14,frames/0646.jpg
647,25.88,R14,frames/0647.jpg
648,25.92,R14,frames/0648.jpg
649,25.96,R14,frames/0649.jpg
650,26.00,R14,frames/0650.jpg
651,26.04,R14,frames/0651.jpg
652,26.08,R14,frames/0652.jpg
653,26.12,R14,frames/0653.jpg
654,26.16,R14,frames/0654.jpg
655,26.20,R14,frames/0655.jpg
656,26.24,R14,frames/0656.jpg
657,26.28,R14,frames/0657.jpg
658,26.32,R14,frames/0658.jpg
659,26.36,R14,frames/0659.jpg
660,26.40,R15,frames/0660.jpg
661,26.44,R15,frames/0661.jpg
662,26.48,R15,frames/0662.jpg
663,26.52,R15,frames/0663.jpg
664,26.56,R15,frames/0664.jpg
665,26.60,R15,frames/0665.jpg
666,26.64,R15,frames/0666.jpg
667,26.68,R15,frames/0667.jpg
668,26.72,R15,frames/0668.jpg
669,26.76,R15,frames/0669.jpg
670,26.80,R15,frames/0670.jpg
671,26.84,R15,frames/0671.jpg
672,26.88,R15,frames/0672.jpg
673,26.92,R15,frames/0673.jpg
674,26.96,R15,frames/0674.jpg
675,27.00,R15,frames/0675.jpg
676,27.04,R15,frames/0676.jpg
677,27.08,R15,frames/0677.jpg
678,27.12,R15,frames/0678.jpg
679,27.16,R15,frames/0679.jpg
680,27.20,R15,frames/0680.jpg
681,27.24,R15,frames/0681.jpg
682,27.28,R15,frames/0682.jpg
683,27.32,R15,frames/0683.jpg
684,27.36,R15,frames/0684.jpg
685,27.40,R15,frames/0685.jpg
686,27.44,R15,frames/0686.jpg
687,27.48,R16,frames/0687.jpg
688,27.52,R16,frames/0688.jpg
689,27.56,R16,frames/0689.jpg
690,27.60,R16,frames/0690.jpg
691,27.64,R16,frames/0691.jpg
692,27.68,R16,frames/0692.jpg
693,27.72,R16,frames/0693.jpg
694,27.76,R16,frames/0694.jpg
695,27.80,R16,frames/0695.jpg
696,27.84,R16,frames/0696.jpg
697,27.88,R16,frames/0697.jpg
698,27.92,R16,frames/0698.jpg
699,27.96,R16,frames/0699.jpg
700,28.00,R16,frames/0700.jpg
701,28.04,R16,frames/0701.jpg
702,28.08,R16,frames/0702.jpg
703,28.12,R16,frames/0703.jpg
704,28.16,R16,frames/0704.jpg
705,28.20,R16,frames/0705.jpg
706,28.24,R17,frames/0706.jpg
707,28.28,R17,frames/0707.jpg
708,28.32,R17,frames/0708.jpg
709,28.36,R17,frames/0709.jpg
710,28.40,R17,frames/0710.jpg
711,28.44,R17,frames/0711.jpg
712,28.48,R17,frames/0712.jpg
713,28.52,R17,frames/0713.jpg
714,28.56,R17,frames/0714.jpg
715,28.60,R17,frames/0715.jpg
716,28.64,R17,frames/0716.jpg
717,28.68,R17,frames/0717.jpg
718,28.72,R17,frames/0718.jpg
719,28.76,R17,frames/0719.jpg
720,28.80,R17,frames/0720.jpg
721,28.84,R17,frames/0721.jpg
722,28.88,R17,frames/0722.jpg
723,28.92,R17,frames/0723.jpg
724,28.96,R17,frames/0724.jpg
725,29.00,R17,frames/0725.jpg
726,29.04,R17,frames/0726.jpg
727,29.08,R17,frames/0727.jpg
728,29.12,R17,frames/0728.jpg
729,29.16,R17,frames/0729.jpg
730,29.20,R17,frames/0730.jpg
731,29.24,R17,frames/0731.jpg
732,29.28,R17,frames/0732.jpg
733,29.32,R17,frames/0733.jpg
734,29.36,R17,frames/0734.jpg
735,29.40,R17,frames/0735.jpg
736,29.44,R17,frames/0736.jpg
737,29.48,R17,frames/0737.jpg
738,29.52,R17,frames/0738.jpg
739,29.56,R17,frames/0739.jpg
740,29.60,R17,frames/0740.jpg
741,29.64,R17,frames/0741.jpg
742,29.68,R17,frames/0742.jpg
743,29.72,R17,frames/0743.jpg
744,29.76,R17,frames/0744.jpg
745,29.80,R17,frames/0745.jpg
746,29.84,R17,frames/0746.jpg
747,29.88,R17,frames/0747.jpg
748,29.92,R17,frames/0748.jpg
749,29.96,R17,frames/0749.jpg
750,30.00,R17,frames/0750.jpg
751,30.04,R17,frames/0751.jpg
752,30.08,R17,frames/0752.jpg
753,30.12,R17,frames/0753.jpg
754,30.16,R17,frames/0754.jpg
755,30.20,R17,frames/0755.jpg
756,30.24,R18,frames/0756.jpg
757,30.28,R18,frames/0757.jpg
758,30.32,R18,frames/0758.jpg
759,30.36,R18,frames/0759.jpg
760,30.40,R18,frames/0760.jpg
761,30.44,R18,frames/0761.jpg
762,30.48,R18,frames/0762.jpg
763,30.52,R18,frames/0763.jpg
764,30.56,R18,frames/0764.jpg
765,30.60,R18,frames/0765.jpg
766,30.64,R18,frames/0766.jpg
767,30.68,R18,frames/0767.jpg
768,30.72,R18,frames/0768.jpg
769,30.76,R18,frames/0769.jpg
770,30.80,R18,frames/0770.jpg
771,30.84,R18,frames/0771.jpg
772,30.88,R18,frames/0772.jpg
773,30.92,R18,frames/0773.jpg
774,30.96,R18,frames/0774.jpg
775,31.00,R18,frames/0775.jpg
776,31.04,R18,frames/0776.jpg
777,31.08,R18,frames/0777.jpg
778,31.12,R18,frames/0778.jpg
779,31.16,R18,frames/0779.jpg
780,31.20,R18,frames/0780.jpg
781,31.24,R18,frames/0781.jpg
782,31.28,R18,frames/0782.jpg
783,31.32,R18,frames/0783.jpg
784,31.36,R18,frames/0784.jpg
785,31.40,R18,frames/0785.jpg
786,31.44,R18,frames/0786.jpg
787,31.48,R18,frames/0787.jpg
788,31.52,R18,frames/0788.jpg
789,31.56,R18,frames/0789.jpg
790,31.60,R18,frames/0790.jpg
791,31.64,R18,frames/0791.jpg
792,31.68,R18,frames/0792.jpg
793,31.72,R18,frames/0793.jpg
794,31.76,R18,frames/0794.jpg
795,31.80,R18,frames/0795.jpg
796,31.84,R18,frames/0796.jpg
797,31.88,R18,frames/0797.jpg
798,31.92,R18,frames/0798.jpg
799,31.96,R18,frames/0799.jpg
800,32.00,R18,frames/0800.jpg
801,32.04,R18,frames/0801.jpg
802,32.08,R18,frames/0802.jpg
803,32.12,R18,frames/0803.jpg
804,32.16,R18,frames/0804.jpg
805,32.20,R18,frames/0805.jpg
806,32.24,R18,frames/0806.jpg
807,32.28,R18,frames/0807.jpg
808,32.32,R18,frames/0808.jpg
809,32.36,R18,frames/0809.jpg
810,32.40,R18,frames/0810.jpg
811,32.44,R18,frames/0811.jpg
812,32.48,R18,frames/0812.jpg
813,32.52,R18,frames/0813.jpg
814,32.56,R18,frames/0814.jpg
815,32.60,R19,frames/0815.jpg
816,32.64,R19,frames/0816.jpg
817,32.68,R19,frames/0817.jpg
818,32.72,R19,frames/0818.jpg
819,32.76,R19,frames/0819.jpg
820,32.80,R19,frames/0820.jpg
821,32.84,R19,frames/0821.jpg
822,32.88,R19,frames/0822.jpg
823,32.92,R19,frames/0823.jpg
824,32.96,R19,frames/0824.jpg
825,33.00,R19,frames/0825.jpg
826,33.04,R19,frames/0826.jpg
827,33.08,R19,frames/0827.jpg
828,33.12,R19,frames/0828.jpg
829,33.16,R19,frames/0829.jpg
830,33.20,R19,frames/0830.jpg
831,33.24,R19,frames/0831.jpg
832,33.28,R19,frames/0832.jpg
833,33.32,R19,frames/0833.jpg
834,33.36,R19,frames/0834.jpg
835,33.40,R19,frames/0835.jpg
836,33.44,R19,frames/0836.jpg
837,33.48,R19,frames/0837.jpg
838,33.52,R19,frames/0838.jpg
839,33.56,R19,frames/0839.jpg
840,33.60,R19,frames/0840.jpg
841,33.64,R19,frames/0841.jpg
842,33.68,R19,frames/0842.jpg
843,33.72,R19,frames/0843.jpg
844,33.76,R19,frames/0844.jpg
845,33.80,R19,frames/0845.jpg
846,33.84,R19,frames/0846.jpg
847,33.88,R19,frames/0847.jpg
848,33.92,R19,frames/0848.jpg
849,33.96,R19,frames/0849.jpg
850,34.00,R19,frames/0850.jpg
851,34.04,R19,frames/0851.jpg
852,34.08,R19,frames/0852.jpg
853,34.12,R19,frames/0853.jpg
854,34.16,R19,frames/0854.jpg
855,34.20,R19,frames/0855.jpg
856,34.24,R19,frames/0856.jpg
857,34.28,R19,frames/0857.jpg
858,34.32,R19,frames/0858.jpg
859,34.36,R19,frames/0859.jpg
860,34.40,R20,frames/0860.jpg
861,34.44,R20,frames/0861.jpg
862,34.48,R20,frames/0862.jpg
863,34.52,R20,frames/0863.jpg
864,34.56,R20,frames/0864.jpg
865,34.60,R20,frames/0865.jpg
866,34.64,R20,frames/0866.jpg
867,34.68,R20,frames/0867.jpg
868,34.72,R20,frames/0868.jpg
869,34.76,R20,frames/0869.jpg
870,34.80,R20,frames/0870.jpg
871,34.84,R20,frames/0871.jpg
872,34.88,R20,frames/0872.jpg
873,34.92,R20,frames/0873.jpg
874,34.96,R20,frames/0874.jpg
875,35.00,R20,frames/0875.jpg
876,35.04,R20,frames/0876.jpg
877,35.08,R20,frames/0877.jpg
878,35.12,R20,frames/0878.jpg
879,35.16,R20,frames/0879.jpg
880,35.20,R20,frames/0880.jpg
881,35.24,R20,frames/0881.jpg
882,35.28,R20,frames/0882.jpg
883,35.32,R20,frames/0883.jpg
884,35.36,R20,frames/0884.jpg
885,35.40,R20,frames/0885.jpg
886,35.44,R20,frames/0886.jpg
887,35.48,R20,frames/0887.jpg
888,35.52,R20,frames/0888.jpg
889,35.56,R20,frames/0889.jpg
890,35.60,R20,frames/0890.jpg
891,35.64,R20,frames/0891.jpg
892,35.68,R20,frames/0892.jpg
893,35.72,R20,frames/0893.jpg
894,35.76,R20,frames/0894.jpg
895,35.80,R20,frames/0895.jpg
896,35.84,R20,frames/0896.jpg
897,35.88,R20,frames/0897.jpg
898,35.92,R20,frames/0898.jpg
899,35.96,R20,frames/0899.jpg
900,36.00,R20,frames/0900.jpg
901,36.04,R20,frames/0901.jpg
902,36.08,R20,frames/0902.jpg
903,36.12,R20,frames/0903.jpg
904,36.16,R20,frames/0904.jpg
905,36.20,R20,frames/0905.jpg
906,36.24,R20,frames/0906.jpg
907,36.28,R20,frames/0907.jpg
908,36.32,R20,frames/0908.jpg
909,36.36,R20,frames/0909.jpg
910,36.40,R20,frames/0910.jpg
911,36.44,R21,frames/0911.jpg
912,36.48,R21,frames/0912.jpg
913,36.52,R21,frames/0913.jpg
914,36.56,R21,frames/0914.jpg
915,36.60,R21,frames/0915.jpg
916,36.64,R21,frames/0916.jpg
917,36.68,R21,frames/0917.jpg
918,36.72,R21,frames/0918.jpg
919,36.76,R21,frames/0919.jpg
920,36.80,R21,frames/0920.jpg
921,36.84,R21,frames/0921.jpg
922,36.88,R21,frames/0922.jpg
923,36.92,R21,frames/0923.jpg
924,36.96,R21,frames/0924.jpg
925,37.00,R21,frames/0925.jpg
926,37.04,R21,frames/0926.jpg
927,37.08,R21,frames/0927.jpg
928,37.12,R21,frames/0928.jpg
929,37.16,R21,frames/0929.jpg
930,37.20,R21,frames/0930.jpg
931,37.24,R21,frames/0931.jpg
932,37.28,R21,frames/0932.jpg
933,37.32,R21,frames/0933.jpg
934,37.36,R21,frames/0934.jpg
935,37.40,R22,frames/0935.jpg
936,37.44,R22,frames/0936.jpg
937,37.48,R22,frames/0937.jpg
938,37.52,R22,frames/0938.jpg
939,37.56,R22,frames/0939.jpg
940,37.60,R22,frames/0940.jpg
941,37.64,R22,frames/0941.jpg
942,37.68,R22,frames/0942.jpg
943,37.72,R22,frames/0943.jpg
944,37.76,R22,frames/0944.jpg
945,37.80,R22,frames/0945.jpg
946,37.84,R22,frames/0946.jpg
947,37.88,R22,frames/0947.jpg
948,37.92,R22,frames/0948.jpg
949,37.96,R22,frames/0949.jpg
950,38.00,R22,frames/0950.jpg
951,38.04,R22,frames/0951.jpg
952,38.08,R22,frames/0952.jpg
953,38.12,R22,frames/0953.jpg
954,38.16,R22,frames/0954.jpg
955,38.20,R22,frames/0955.jpg
956,38.24,R22,frames/0956.jpg
957,38.28,R22,frames/0957.jpg
958,38.32,R22,frames/0958.jpg
959,38.36,R22,frames/0959.jpg
960,38.40,R22,frames/0960.jpg
961,38.44,R23,frames/0961.jpg
962,38.48,R23,frames/0962.jpg
963,38.52,R23,frames/0963.jpg
964,38.56,R23,frames/0964.jpg
965,38.60,R23,frames/0965.jpg
966,38.64,R23,frames/0966.jpg
967,38.68,R23,frames/0967.jpg
968,38.72,R23,frames/0968.jpg
969,38.76,R23,frames/0969.jpg
970,38.80,R23,frames/0970.jpg
971,38.84,R23,frames/0971.jpg
972,38.88,R23,frames/0972.jpg
973,38.92,R23,frames/0973.jpg
974,38.96,R23,frames/0974.jpg
975,39.00,R23,frames/0975.jpg
976,39.04,R23,frames/0976.jpg
977,39.08,R23,frames/0977.jpg
978,39.12,R23,frames/0978.jpg
979,39.16,R23,frames/0979.jpg
980,39.20,R23,frames/0980.jpg
981,39.24,R23,frames/0981.jpg
982,39.28,R23,frames/0982.jpg
983,39.32,R23,frames/0983.jpg
984,39.36,R23,frames/0984.jpg
985,39.40,R23,frames/0985.jpg
986,39.44,R23,frames/0986.jpg
987,39.48,R23,frames/0987.jpg
988,39.52,R23,frames/0988.jpg
989,39.56,R23,frames/0989.jpg
990,39.60,R23,frames/0990.jpg
991,39.64,R23,frames/0991.jpg
992,39.68,R23,frames/0992.jpg
993,39.72,R23,frames/0993.jpg
994,39.76,R23,frames/0994.jpg
995,39.80,R23,frames/0995.jpg
996,39.84,R23,frames/0996.jpg
997,39.88,R23,frames/0997.jpg
998,39.92,R23,frames/0998.jpg
999,39.96,R23,frames/0999.jpg
1000,40.00,R23,frames/1000.jpg
1001,40.04,R23,frames/1001.jpg
1002,40.08,R23,frames/1002.jpg
1003,40.12,R23,frames/1003.jpg
1004,40.16,R23,frames/1004.jpg
1005,40.20,R23,frames/1005.jpg
1006,40.24,R23,frames/1006.jpg
1007,40.28,R23,frames/1007.jpg
1008,40.32,R24,frames/1008.jpg
1009,40.36,R24,frames/1009.jpg
1010,40.40,R24,frames/1010.jpg
1011,40.44,R24,frames/1011.jpg
1012,40.48,R24,frames/1012.jpg
1013,40.52,R24,frames/1013.jpg
1014,40.56,R24,frames/1014.jpg
1015,40.60,R24,frames/1015.jpg
1016,40.64,R24,frames/1016.jpg
1017,40.68,R24,frames/1017.jpg
1018,40.72,R24,frames/1018.jpg
1019,40.76,R24,frames/1019.jpg
1020,40.80,R24,frames/1020.jpg
1021,40.84,R24,frames/1021.jpg
1022,40.88,R24,frames/1022.jpg
1023,40.92,R24,frames/1023.jpg
1024,40.96,R24,frames/1024.jpg
1025,41.00,R24,frames/1025.jpg
1026,41.04,R24,frames/1026.jpg
1027,41.08,R24,frames/1027.jpg
1028,41.12,R24,frames/1028.jpg
1029,41.16,R24,frames/1029.jpg
1030,41.20,R24,frames/1030.jpg
1031,41.24,R24,frames/1031.jpg
1032,41.28,R24,frames/1032.jpg
1033,41.32,R24,frames/1033.jpg
1034,41.36,R24,frames/1034.jpg
1035,41.40,R24,frames/1035.jpg
1036,41.44,R24,frames/1036.jpg
1037,41.48,R24,frames/1037.jpg
1038,41.52,R24,frames/1038.jpg
1039,41.56,R24,frames/1039.jpg
1040,41.60,R24,frames/1040.jpg
1041,41.64,R24,frames/1041.jpg
1042,41.68,R24,frames/1042.jpg
1043,41.72,R24,frames/1043.jpg
1044,41.76,R24,frames/1044.jpg
1045,41.80,R24,frames/1045.jpg
1046,41.84,R24,frames/1046.jpg
1047,41.88,R24,frames/1047.jpg
1048,41.92,R25,frames/1048.jpg
1049,41.96,R25,frames/1049.jpg
1050,42.00,R25,frames/1050.jpg
1051,42.04,R25,frames/1051.jpg
1052,42.08,R25,frames/1052.jpg
1053,42.12,R25,frames/1053.jpg
1054,42.16,R25,frames/1054.jpg
1055,42.20,R25,frames/1055.jpg
1056,42.24,R25,frames/1056.jpg
1057,42.28,R25,frames/1057.jpg
1058,42.32,R25,frames/1058.jpg
1059,42.36,R25,frames/1059.jpg
1060,42.40,R25,frames/1060.jpg
1061,42.44,R25,frames/1061.jpg
1062,42.48,R25,frames/1062.jpg
1063,42.52,R25,frames/1063.jpg
1064,42.56,R25,frames/1064.jpg
1065,42.60,R25,frames/1065.jpg
1066,42.64,R25,frames/1066.jpg
1067,42.68,R25,frames/1067.jpg
1068,42.72,R25,frames/1068.jpg
1069,42.76,R25,frames/1069.jpg
1070,42.80,R25,frames/1070.jpg
1071,42.84,R25,frames/1071.jpg
1072,42.88,R25,frames/1072.jpg
1073,42.92,R25,frames/1073.jpg
1074,42.96,R25,frames/1074.jpg
1075,43.00,R25,frames/1075.jpg
1076,43.04,R25,frames/1076.jpg
1077,43.08,R25,frames/1077.jpg
1078,43.12,R25,frames/1078.jpg
1079,43.16,R25,frames/1079.jpg
1080,43.20,R25,frames/1080.jpg
1081,43.24,R25,frames/1081.jpg
1082,43.28,R25,frames/1082.jpg
1083,43.32,R25,frames/1083.jpg
1084,43.36,R25,frames/1084.jpg
1085,43.40,R25,frames/1085.jpg
1086,43.44,R25,frames/1086.jpg
1087,43.48,R25,frames/1087.jpg
1088,43.52,R25,frames/1088.jpg
1089,43.56,R25,frames/1089.jpg
1090,43.60,R25,frames/1090.jpg
1091,43.64,R25,frames/1091.jpg
1092,43.68,R25,frames/1092.jpg
1093,43.72,R25,frames/1093.jpg
1094,43.76,R25,frames/1094.jpg
1095,43.80,R25,frames/1095.jpg
1096,43.84,R25,frames/1096.jpg
1097,43.88,R25,frames/1097.jpg
1098,43.92,R25,frames/1098.jpg
1099,43.96,R25,frames/1099.jpg
1100,44.00,R25,frames/1100.jpg
1101,44.04,R25,frames/1101.jpg
1102,44.08,R25,frames/1102.jpg
1103,44.12,R25,frames/1103.jpg
1104,44.16,R25,frames/1104.jpg
1105,44.20,R25,frames/1105.jpg
1106,44.24,R25,frames/1106.jpg
1107,44.28,R25,frames/1107.jpg
1108,44.32,R25,frames/1108.jpg
1109,44.36,R25,frames/1109.jpg
1110,44.40,R25,frames/1110.jpg
1111,44.44,R25,frames/1111.jpg
1112,44.48,R25,frames/1112.jpg
1113,44.52,R25,frames/1113.jpg
1114,44.56,R25,frames/1114.jpg
1115,44.60,R25,frames/1115.jpg
1116,44.64,R25,frames/1116.jpg
1117,44.68,R25,frames/1117.jpg
1118,44.72,R25,frames/1118.jpg
1119,44.76,R25,frames/1119.jpg
1120,44.80,R25,frames/1120.jpg
1121,44.84,R25,frames/1121.jpg
1122,44.88,R25,frames/1122.jpg
1123,44.92,R25,frames/1123.jpg
1124,44.96,R25,frames/1124.jpg
1125,45.00,R25,frames/1125.jpg
1126,45.04,R25,frames/1126.jpg
1127,45.08,R25,frames/1127.jpg
1128,45.12,R25,frames/1128.jpg
1129,45.16,R25,frames/1129.jpg
1130,45.20,R26,frames/1130.jpg
1131,45.24,R26,frames/1131.jpg
1132,45.28,R26,frames/1132.jpg
1133,45.32,R26,frames/1133.jpg
1134,45.36,R26,frames/1134.jpg
1135,45.40,R26,frames/1135.jpg
1136,45.44,R26,frames/1136.jpg
1137,45.48,R26,frames/1137.jpg
1138,45.52,R26,frames/1138.jpg
1139,45.56,R26,frames/1139.jpg
1140,45.60,R26,frames/1140.jpg
1141,45.64,R26,frames/1141.jpg
1142,45.68,R26,frames/1142.jpg
1143,45.72,R26,frames/1143.jpg
1144,45.76,R26,frames/1144.jpg
1145,45.80,R26,frames/1145.jpg
1146,45.84,R26,frames/1146.jpg
1147,45.88,R26,frames/1147.jpg
1148,45.92,R26,frames/1148.jpg
1149,45.96,R26,frames/1149.jpg
1150,46.00,R26,frames/1150.jpg
1151,46.04,R26,frames/1151.jpg
1152,46.08,R26,frames/1152.jpg
1153,46.12,R26,frames/1153.jpg
1154,46.16,R26,frames/1154.jpg
1155,46.20,R26,frames/1155.jpg
1156,46.24,R26,frames/1156.jpg
1157,46.28,R26,frames/1157.jpg
1158,46.32,R26,frames/1158.jpg
1159,46.36,R26,frames/1159.jpg
1160,46.40,R26,frames/1160.jpg
1161,46.44,R26,frames/1161.jpg
1162,46.48,R26,frames/1162.jpg
1163,46.52,R26,frames/1163.jpg
1164,46.56,R26,frames/1164.jpg
1165,46.60,R26,frames/1165.jpg
1166,46.64,R26,frames/1166.jpg
1167,46.68,R26,frames/1167.jpg
1168,46.72,R26,frames/1168.jpg
1169,46.76,R26,frames/1169.jpg
1170,46.80,R26,frames/1170.jpg
1171,46.84,R26,frames/1171.jpg
1172,46.88,R26,frames/1172.jpg
1173,46.92,R26,frames/1173.jpg
1174,46.96,R26,frames/1174.jpg
1175,47.00,R26,frames/1175.jpg
1176,47.04,R26,frames/1176.jpg
1177,47.08,R26,frames/1177.jpg
1178,47.12,R26,frames/1178.jpg
1179,47.16,R26,frames/1179.jpg
1180,47.20,R27,frames/1180.jpg
1181,47.24,R27,frames/1181.jpg
1182,47.28,R27,frames/1182.jpg
1183,47.32,R27,frames/1183.jpg
1184,47.36,R27,frames/1184.jpg
1185,47.40,R27,frames/1185.jpg
1186,47.44,R27,frames/1186.jpg
1187,47.48,R27,frames/1187.jpg
1188,47.52,R27,frames/1188.jpg
1189,47.56,R27,frames/1189.jpg
1190,47.60,R27,frames/1190.jpg
1191,47.64,R27,frames/1191.jpg
1192,47.68,R27,frames/1192.jpg
1193,47.72,R27,frames/1193.jpg
1194,47.76,R27,frames/1194.jpg
1195,47.80,R27,frames/1195.jpg
1196,47.84,R27,frames/1196.jpg
1197,47.88,R27,frames/1197.jpg
1198,47.92,R27,frames/1198.jpg
1199,47.96,R27,frames/1199.jpg
1200,48.00,R27,frames/1200.jpg
1201,48.04,R27,frames/1201.jpg
1202,48.08,R27,frames/1202.jpg
1203,48.12,R27,frames/1203.jpg
1204,48.16,R27,frames/1204.jpg
1205,48.20,R27,frames/1205.jpg
1206,48.24,R27,frames/1206.jpg
1207,48.28,R27,frames/1207.jpg
1208,48.32,R27,frames/1208.jpg
1209,48.36,R27,frames/1209.jpg
1210,48.40,R27,frames/1210.jpg
1211,48.44,R27,frames/1211.jpg
1212,48.48,R27,frames/1212.jpg
1213,48.52,R27,frames/1213.jpg
1214,48.56,R27,frames/1214.jpg
1215,48.60,R27,frames/1215.jpg
1216,48.64,R27,frames/1216.jpg
1217,48.68,R27,frames/1217.jpg
1218,48.72,R27,frames/1218.jpg
1219,48.76,R27,frames/1219.jpg
1220,48.80,R27,frames/1220.jpg
1221,48.84,R27,frames/1221.jpg
1222,48.88,R27,frames/1222.jpg
1223,48.92,R27,frames/1223.jpg
1224,48.96,R27,frames/1224.jpg
1225,49.00,R27,frames/1225.jpg
1226,49.04,R27,frames/1226.jpg
1227,49.08,R27,frames/1227.jpg
1228,49.12,R27,frames/1228.jpg
1229,49.16,R27,frames/1229.jpg
1230,49.20,R27,frames/1230.jpg
1231,49.24,R27,frames/1231.jpg
1232,49.28,R27,frames/1232.jpg
1233,49.32,R27,frames/1233.jpg
1234,49.36,R27,frames/1234.jpg
1235,49.40,R27,frames/1235.jpg
1236,49.44,R27,frames/1236.jpg
1237,49.48,R27,frames/1237.jpg
1238,49.52,R27,frames/1238.jpg
1239,49.56,R27,frames/1239.jpg
1240,49.60,R27,frames/1240.jpg
1241,49.64,R27,frames/1241.jpg
1242,49.68,R27,frames/1242.jpg
1243,49.72,R27,frames/1243.jpg
1244,49.76,R27,frames/1244.jpg
1245,49.80,R27,frames/1245.jpg
1246,49.84,R27,frames/1246.jpg
1247,49.88,R27,frames/1247.jpg
1248,49.92,R27,frames/1248.jpg
1249,49.96,R27,frames/1249.jpg
1250,50.00,R27,frames/1250.jpg
1251,50.04,R27,frames/1251.jpg
1252,50.08,R27,frames/1252.jpg
1253,50.12,R27,frames/1253.jpg
1254,50.16,R27,frames/1254.jpg
1255,50.20,R27,frames/1255.jpg
1256,50.24,R27,frames/1256.jpg
1257,50.28,R27,frames/1257.jpg
1258,50.32,R27,frames/1258.jpg
1259,50.36,R27,frames/1259.jpg
1260,50.40,R27,frames/1260.jpg
1261,50.44,R27,frames/1261.jpg
1262,50.48,R27,frames/1262.jpg
1263,50.52,R28,frames/1263.jpg
1264,50.56,R28,frames/1264.jpg
1265,50.60,R28,frames/1265.jpg
1266,50.64,R28,frames/1266.jpg
1267,50.68,R28,frames/1267.jpg
1268,50.72,R28,frames/1268.jpg
1269,50.76,R28,frames/1269.jpg
1270,50.80,R28,frames/1270.jpg
1271,50.84,R28,frames/1271.jpg
1272,50.88,R28,frames/1272.jpg
1273,50.92,R28,frames/1273.jpg
1274,50.96,R28,frames/1274.jpg
1275,51.00,R28,frames/1275.jpg
1276,51.04,R28,frames/1276.jpg
1277,51.08,R28,frames/1277.jpg
1278,51.12,R28,frames/1278.jpg
1279,51.16,R28,frames/1279.jpg
1280,51.20,R28,frames/1280.jpg
1281,51.24,R28,frames/1281.jpg
1282,51.28,R28,frames/1282.jpg
1283,51.32,R28,frames/1283.jpg
1284,51.36,R28,frames/1284.jpg
1285,51.40,R28,frames/1285.jpg
1286,51.44,R28,frames/1286.jpg
1287,51.48,R28,frames/1287.jpg
1288,51.52,R28,frames/1288.jpg
1289,51.56,R28,frames/1289.jpg
1290,51.60,R28,frames/1290.jpg
1291,51.64,R28,frames/1291.jpg
1292,51.68,R28,frames/1292.jpg
1293,51.72,R28,frames/1293.jpg
1294,51.76,R28,frames/1294.jpg
1295,51.80,R28,frames/1295.jpg
1296,51.84,R28,frames/1296.jpg
1297,51.88,R28,frames/1297.jpg
1298,51.92,R28,frames/1298.jpg
1299,51.96,R28,frames/1299.jpg
1300,52.00,R28,frames/1300.jpg
1301,52.04,R28,frames/1301.jpg
1302,52.08,R28,frames/1302.jpg
1303,52.12,R28,frames/1303.jpg
1304,52.16,R28,frames/1304.jpg
1305,52.20,R28,frames/1305.jpg
1306,52.24,R28,frames/1306.jpg
1307,52.28,R28,frames/1307.jpg
1308,52.32,R28,frames/1308.jpg
1309,52.36,R28,frames/1309.jpg
1310,52.40,R28,frames/1310.jpg
1311,52.44,R28,frames/1311.jpg
1312,52.48,R28,frames/1312.jpg
1313,52.52,R28,frames/1313.jpg
1314,52.56,R28,frames/1314.jpg
1315,52.60,R28,frames/1315.jpg
1316,52.64,R28,frames/1316.jpg
1317,52.68,R28,frames/1317.jpg
1318,52.72,R28,frames/1318.jpg
1319,52.76,R28,frames/1319.jpg
1320,52.80,R28,frames/1320.jpg
1321,52.84,R29,frames/1321.jpg
1322,52.88,R29,frames/1322.jpg
1323,52.92,R29,frames/1323.jpg
1324,52.96,R29,frames/1324.jpg
1325,53.00,R29,frames/1325.jpg
1326,53.04,R29,frames/1326.jpg
1327,53.08,R29,frames/1327.jpg
1328,53.12,R29,frames/1328.jpg
1329,53.16,R29,frames/1329.jpg
1330,53.20,R29,frames/1330.jpg
1331,53.24,R29,frames/1331.jpg
1332,53.28,R29,frames/1332.jpg
1333,53.32,R29,frames/1333.jpg
1334,53.36,R29,frames/1334.jpg
1335,53.40,R29,frames/1335.jpg
1336,53.44,R29,frames/1336.jpg
1337,53.48,R29,frames/1337.jpg
1338,53.52,R29,frames/1338.jpg
1339,53.56,R29,frames/1339.jpg
1340,53.60,R29,frames/1340.jpg
1341,53.64,R29,frames/1341.jpg
1342,53.68,R29,frames/1342.jpg
1343,53.72,R29,frames/1343.jpg
1344,53.76,R29,frames/1344.jpg
1345,53.80,R29,frames/1345.jpg
1346,53.84,R29,frames/1346.jpg
1347,53.88,R29,frames/1347.jpg
1348,53.92,R29,frames/1348.jpg
1349,53.96,R29,frames/1349.jpg
1350,54.00,R29,frames/1350.jpg
1351,54.04,R29,frames/1351.jpg
1352,54.08,R29,frames/1352.jpg
1353,54.12,R29,frames/1353.jpg
1354,54.16,R29,frames/1354.jpg
1355,54.20,R29,frames/1355.jpg
1356,54.24,R29,frames/1356.jpg
1357,54.28,R29,frames/1357.jpg
1358,54.32,R29,frames/1358.jpg
1359,54.36,R29,frames/1359.jpg
1360,54.40,R29,frames/1360.jpg
1361,54.44,R29,frames/1361.jpg
1362,54.48,R29,frames/1362.jpg
1363,54.52,R29,frames/1363.jpg
1364,54.56,R29,frames/1364.jpg
1365,54.60,R29,frames/1365.jpg
1366,54.64,R29,frames/1366.jpg
1367,54.68,R29,frames/1367.jpg
1368,54.72,R29,frames/1368.jpg
1369,54.76,R29,frames/1369.jpg
1370,54.80,R29,frames/1370.jpg
1371,54.84,R29,frames/1371.jpg
1372,54.88,R29,frames/1372.jpg
1373,54.92,R29,frames/1373.jpg
1374,54.96,R29,frames/1374.jpg
1375,55.00,R29,frames/1375.jpg
1376,55.04,R29,frames/1376.jpg
1377,55.08,R29,frames/1377.jpg
1378,55.12,R29,frames/1378.jpg
1379,55.16,R29,frames/1379.jpg
1380,55.20,R29,frames/1380.jpg
1381,55.24,R29,frames/1381.jpg
1382,55.28,R29,frames/1382.jpg
1383,55.32,R29,frames/1383.jpg
1384,55.36,R29,frames/1384.jpg
1385,55.40,R30,frames/1385.jpg
1386,55.44,R30,frames/1386.jpg
1387,55.48,R30,frames/1387.jpg
1388,55.52,R30,frames/1388.jpg
1389,55.56,R30,frames/1389.jpg
1390,55.60,R30,frames/1390.jpg
1391,55.64,R30,frames/1391.jpg
1392,55.68,R30,frames/1392.jpg
1393,55.72,R30,frames/1393.jpg
1394,55.76,R30,frames/1394.jpg
1395,55.80,R30,frames/1395.jpg
1396,55.84,R30,frames/1396.jpg
1397,55.88,R30,frames/1397.jpg
1398,55.92,R30,frames/1398.jpg
1399,55.96,R30,frames/1399.jpg
1400,56.00,R30,frames/1400.jpg
1401,56.04,R30,frames/1401.jpg
1402,56.08,R30,frames/1402.jpg
1403,56.12,R30,frames/1403.jpg
1404,56.16,R30,frames/1404.jpg
1405,56.20,R30,frames/1405.jpg
1406,56.24,R30,frames/1406.jpg
1407,56.28,R30,frames/1407.jpg
1408,56.32,R30,frames/1408.jpg
1409,56.36,R30,frames/1409.jpg
1410,56.40,R30,frames/1410.jpg
1411,56.44,R30,frames/1411.jpg
1412,56.48,R30,frames/1412.jpg
1413,56.52,R30,frames/1413.jpg
1414,56.56,R30,frames/1414.jpg
1415,56.60,R30,frames/1415.jpg
1416,56.64,R30,frames/1416.jpg
1417,56.68,R30,frames/1417.jpg
1418,56.72,R30,frames/1418.jpg
1419,56.76,R30,frames/1419.jpg
1420,56.80,R30,frames/1420.jpg
1421,56.84,R30,frames/1421.jpg
1422,56.88,R30,frames/1422.jpg
1423,56.92,R30,frames/1423.jpg
1424,56.96,R30,frames/1424.jpg
1425,57.00,R30,frames/1425.jpg
1426,57.04,R30,frames/1426.jpg
1427,57.08,R30,frames/1427.jpg
1428,57.12,R30,frames/1428.jpg
1429,57.16,R30,frames/1429.jpg
1430,57.20,R30,frames/1430.jpg
1431,57.24,R30,frames/1431.jpg
1432,57.28,R30,frames/1432.jpg
1433,57.32,R30,frames/1433.jpg
1434,57.36,R30,frames/1434.jpg
1435,57.40,R30,frames/1435.jpg
1436,57.44,R30,frames/1436.jpg
1437,57.48,R30,frames/1437.jpg
1438,57.52,R30,frames/1438.jpg
1439,57.56,R31,frames/1439.jpg
1440,57.60,R31,frames/1440.jpg
1441,57.64,R31,frames/1441.jpg
1442,57.68,R31,frames/1442.jpg
1443,57.72,R31,frames/1443.jpg
1444,57.76,R31,frames/1444.jpg
1445,57.80,R31,frames/1445.jpg
1446,57.84,R31,frames/1446.jpg
1447,57.88,R31,frames/1447.jpg
1448,57.92,R31,frames/1448.jpg
1449,57.96,R31,frames/1449.jpg
1450,58.00,R31,frames/1450.jpg
1451,58.04,R31,frames/1451.jpg
1452,58.08,R31,frames/1452.jpg
1453,58.12,R31,frames/1453.jpg
1454,58.16,R31,frames/1454.jpg
1455,58.20,R31,frames/1455.jpg
1456,58.24,R31,frames/1456.jpg
1457,58.28,R31,frames/1457.jpg
1458,58.32,R31,frames/1458.jpg
1459,58.36,R31,frames/1459.jpg
1460,58.40,R31,frames/1460.jpg
1461,58.44,R31,frames/1461.jpg
1462,58.48,R31,frames/1462.jpg
1463,58.52,R31,frames/1463.jpg
1464,58.56,R31,frames/1464.jpg
1465,58.60,R31,frames/1465.jpg
1466,58.64,R31,frames/1466.jpg
1467,58.68,R31,frames/1467.jpg
1468,58.72,R31,frames/1468.jpg
1469,58.76,R31,frames/1469.jpg
1470,58.80,R31,frames/1470.jpg
1471,58.84,R31,frames/1471.jpg
1472,58.88,R31,frames/1472.jpg
1473,58.92,R31,frames/1473.jpg
1474,58.96,R31,frames/1474.jpg
1475,59.00,R31,frames/1475.jpg
1476,59.04,R31,frames/1476.jpg
1477,59.08,R31,frames/1477.jpg
1478,59.12,R31,frames/1478.jpg
1479,59.16,R31,frames/1479.jpg
1480,59.20,R31,frames/1480.jpg
1481,59.24,R31,frames/1481.jpg
1482,59.28,R31,frames/1482.jpg
1483,59.32,R31,frames/1483.jpg
1484,59.36,R31,frames/1484.jpg
1485,59.40,R31,frames/1485.jpg
1486,59.44,R31,frames/1486.jpg
1487,59.48,R31,frames/1487.jpg
1488,59.52,R31,frames/1488.jpg
1489,59.56,R31,frames/1489.jpg
1490,59.60,R31,frames/1490.jpg
1491,59.64,R31,frames/1491.jpg
1492,59.68,R31,frames/1492.jpg
1493,59.72,R31,frames/1493.jpg
1494,59.76,R31,frames/1494.jpg
1495,59.80,R32,frames/1495.jpg
1496,59.84,R32,frames/1496.jpg
1497,59.88,R32,frames/1497.jpg
1498,59.92,R32,frames/1498.jpg
1499,59.96,R32,frames/1499.jpg
1500,60.00,R32,frames/1500.jpg
1501,60.04,R32,frames/1501.jpg
1502,60.08,R32,frames/1502.jpg
1503,60.12,R32,frames/1503.jpg
1504,60.16,R32,frames/1504.jpg
1505,60.20,R32,frames/1505.jpg
1506,60.24,R32,frames/1506.jpg
1507,60.28,R32,frames/1507.jpg
1508,60.32,R32,frames/1508.jpg
1509,60.36,R32,frames/1509.jpg
1510,60.40,R32,frames/1510.jpg
1511,60.44,R32,frames/1511.jpg
1512,60.48,R32,frames/1512.jpg
1513,60.52,R32,frames/1513.jpg
1514,60.56,R32,frames/1514.jpg
1515,60.60,R32,frames/1515.jpg
1516,60.64,R32,frames/1516.jpg
1517,60.68,R32,frames/1517.jpg
1518,60.72,R32,frames/1518.jpg
1519,60.76,R32,frames/1519.jpg
1520,60.80,R32,frames/1520.jpg
1521,60.84,R32,frames/1521.jpg
1522,60.88,R32,frames/1522.jpg
1523,60.92,R32,frames/1523.jpg
1524,60.96,R32,frames/1524.jpg
1525,61.00,R32,frames/1525.jpg
1526,61.04,R32,frames/1526.jpg
1527,61.08,R32,frames/1527.jpg
1528,61.12,R32,frames/1528.jpg
1529,61.16,R32,frames/1529.jpg
1530,61.20,R32,frames/1530.jpg
1531,61.24,R32,frames/1531.jpg
1532,61.28,R32,frames/1532.jpg
1533,61.32,R32,frames/1533.jpg
1534,61.36,R32,frames/1534.jpg
1535,61.40,R32,frames/1535.jpg
1536,61.44,R32,frames/1536.jpg
1537,61.48,R32,frames/1537.jpg
1538,61.52,R32,frames/1538.jpg
1539,61.56,R32,frames/1539.jpg
1540,61.60,R32,frames/1540.jpg
1541,61.64,R32,frames/1541.jpg
1542,61.68,R33,frames/1542.jpg
1543,61.72,R33,frames/1543.jpg
1544,61.76,R33,frames/1544.jpg
1545,61.80,R33,frames/1545.jpg
1546,61.84,R33,frames/1546.jpg
1547,61.88,R33,frames/1547.jpg
1548,61.92,R33,frames/1548.jpg
1549,61.96,R33,frames/1549.jpg
1550,62.00,R33,frames/1550.jpg
1551,62.04,R33,frames/1551.jpg
1552,62.08,R33,frames/1552.jpg
1553,62.12,R33,frames/1553.jpg
1554,62.16,R33,frames/1554.jpg
1555,62.20,R33,frames/1555.jpg
1556,62.24,R33,frames/1556.jpg
1557,62.28,R33,frames/1557.jpg
1558,62.32,R33,frames/1558.jpg
1559,62.36,R33,frames/1559.jpg
1560,62.40,R33,frames/1560.jpg
1561,62.44,R33,frames/1561.jpg
1562,62.48,R33,frames/1562.jpg
1563,62.52,R33,frames/1563.jpg
1564,62.56,R33,frames/1564.jpg
1565,62.60,R33,frames/1565.jpg
1566,62.64,R33,frames/1566.jpg
1567,62.68,R33,frames/1567.jpg
1568,62.72,R33,frames/1568.jpg
1569,62.76,R33,frames/1569.jpg
1570,62.80,R33,frames/1570.jpg
1571,62.84,R33,frames/1571.jpg
1572,62.88,R33,frames/1572.jpg
1573,62.92,R33,frames/1573.jpg
1574,62.96,R33,frames/1574.jpg
1575,63.00,R33,frames/1575.jpg
1576,63.04,R33,frames/1576.jpg
1577,63.08,R33,frames/1577.jpg
1578,63.12,R33,frames/1578.jpg
1579,63.16,R33,frames/1579.jpg
1580,63.20,R33,frames/1580.jpg
1581,63.24,R33,frames/1581.jpg
1582,63.28,R33,frames/1582.jpg
1583,63.32,R33,frames/1583.jpg
1584,63.36,R33,frames/1584.jpg
1585,63.40,R33,frames/1585.jpg
1586,63.44,R33,frames/1586.jpg
1587,63.48,R33,frames/1587.jpg
1588,63.52,R33,frames/1588.jpg
1589,63.56,R33,frames/1589.jpg
1590,63.60,R33,frames/1590.jpg
1591,63.64,R33,frames/1591.jpg
1592,63.68,R33,frames/1592.jpg
1593,63.72,R33,frames/1593.jpg
1594,63.76,R33,frames/1594.jpg
1595,63.80,R33,frames/1595.jpg
1596,63.84,R33,frames/1596.jpg
1597,63.88,R33,frames/1597.jpg
1598,63.92,R33,frames/1598.jpg
1599,63.96,R33,frames/1599.jpg
1600,64.00,R33,frames/1600.jpg
1601,64.04,R33,frames/1601.jpg
1602,64.08,R33,frames/1602.jpg
1603,64.12,R33,frames/1603.jpg
1604,64.16,R33,frames/1604.jpg
1605,64.20,R33,frames/1605.jpg
1606,64.24,R33,frames/1606.jpg
1607,64.28,R33,frames/1607.jpg
1608,64.32,R33,frames/1608.jpg
1609,64.36,R33,frames/1609.jpg
1610,64.40,R33,frames/1610.jpg
1611,64.44,R33,frames/1611.jpg
1612,64.48,R33,frames/1612.jpg
1613,64.52,R33,frames/1613.jpg
1614,64.56,R33,frames/1614.jpg
1615,64.60,R33,frames/1615.jpg
1616,64.64,R33,frames/1616.jpg
1617,64.68,R33,frames/1617.jpg
1618,64.72,R33,frames/1618.jpg
1619,64.76,R33,frames/1619.jpg
1620,64.80,R33,frames/1620.jpg
1621,64.84,R33,frames/1621.jpg
1622,64.88,R33,frames/1622.jpg
1623,64.92,R33,frames/1623.jpg
1624,64.96,R33,frames/1624.jpg
1625,65.00,R33,frames/1625.jpg
1626,65.04,R33,frames/1626.jpg
1627,65.08,R33,frames/1627.jpg
1628,65.12,R33,frames/1628.jpg
1629,65.16,R33,frames/1629.jpg
1630,65.20,R33,frames/1630.jpg
1631,65.24,R33,frames/1631.jpg
1632,65.28,R33,frames/1632.jpg
1633,65.32,R33,frames/1633.jpg
1634,65.36,R33,frames/1634.jpg
1635,65.40,R33,frames/1635.jpg
1636,65.44,R33,frames/1636.jpg
1637,65.48,R33,frames/1637.jpg
1638,65.52,R33,frames/1638.jpg
1639,65.56,R33,frames/1639.jpg
1640,65.60,R33,frames/1640.jpg
1641,65.64,R33,frames/1641.jpg
1642,65.68,R33,frames/1642.jpg
1643,65.72,R33,frames/1643.jpg
1644,65.76,R33,frames/1644.jpg
1645,65.80,R33,frames/1645.jpg
1646,65.84,R33,frames/1646.jpg
1647,65.88,R33,frames/1647.jpg
1648,65.92,R33,frames/1648.jpg
1649,65.96,R33,frames/1649.jpg
1650,66.00,R33,frames/1650.jpg
