tracker,slug,product,buyer,analysis,website,inventory_active_ads,inventory_status,representative_ad_id,ad_days_running,ad_media_url,ad_landing_page,source_file
Arctic Goddess,arctic-goddess,Organ-and-herb capsules,"Mature women concerned about body changes, energy and appearance","The sales story connects several unwelcome changes to an alleged nutritional shortage, then differentiates reindeer organs from ordinary beef-liver products. The ingredient's origin supplies novelty, while clothes, energy and appearance make the desired result concrete. The current site offers a recurring 24-day supply and a one-time option, which is a commercial structure Motilli's current one-time destination does not reproduce. Its disclosed uncontrolled 35-person study is not proof of weight-loss causality. Transfer the discipline of making a specific product attribute relevant to a desired experience; do not transfer the blanket hormone-restoration or contaminant claims. This brand is also a counterexample to the idea that everyone else wins through familiar laxative chemistry.",https://arcticgoddess.com/,1814,active,facebook_27666354096378520,31,https://medias.trendtrack.io/facebook/image/ebfb02509284be8a326f0272de9e38da5842e45ddd54d6bb055cd57dcbc42f0e.png,https://arcticgoddess.com/,arctic-goddess-established.json
blog.zafiraorganics.com,blog-zafiraorganics-com,Recovery Foundation capsules,"GLP-1 users dissatisfied with mood, energy, appetite-related nutrition and physical side effects","Zafira reaches beyond constipation into emotional flatness and weight-loss plateaus. Its pages frame a supplement as a companion that preserves the value of the medication while addressing other concerns, with symptom-specific educational entry points and a consolidated daily routine. That potentially increases the range of buyers and occasions a single business can address. The ads' dopamine and cortisol explanations, and claims about restoring them without affecting weight loss, were not clinically verified. The useful comparison with Motilli is the scope of the purchase: an ongoing medication-support routine rather than only a response to an occasional bowel problem. Broader claims do not automatically produce broader real product value.",https://zafiraorganics.com/,460,active,facebook_2469758403485886,164,https://medias.trendtrack.io/facebook/image/e4464d664920a229029b4c1a61545bd4157220ce7cd99d6e1f8a35b19f9721e2.jpg,https://blog.zafiraorganics.com/flatness/,blog-zafiraorganics-com-established.json
Lymphoria,lymphoria,Herbal liquid drops,"People concerned about puffiness, swelling, fatigue and visible body shape","Lymphoria repeatedly gives a bodily sensation or appearance concern a single proposed cause: inadequate drainage. Named herbs are assigned distinct jobs, and the liquid format is made part of the explanation. The sampled transcripts range from a compact ingredient list to a long male chest-appearance narrative and a sale announcement. This breadth means no one of those formats can be declared the causal advantage. The current page displays one/three/five-bottle choices and optional refills. The lesson is coordinated buyer recognition, ingredient roles, a visible desired result and a continuing routine. Claims about alcohol sludge, fat drainage and rapid physical transformation remain unverified; they should not become a Motilli product brief.",https://lymphoria.co/products/natures-sunrise-lymphatic-drainage-supplement,4344,active,facebook_1531462474816773,44,https://medias.trendtrack.io/facebook/video/f15d694f453ad2115c3be2b21d3334e21bbdb6fa2f4ed95b9896d4b83dd86a78.mp4,https://lymphoria.co/products/natures-sunrise-lymphatic-drainage-supplement,lymphoria-established.json
Sculptique,sculptique,Lymphatic capsules and broader wellness products,"People concerned about a swollen belly, appearance or feared deterioration in kidney health","The sampled material uses both appearance-led messaging and severe medical fear. Ingredient sequences make the advertised intervention sound specific, while stories connect it to daily function and reassurance. The inspected product's one/three/five-bottle price ladder is essentially the same as Motilli's, so a generic price or bundle explanation cannot account for the difference. The kidney transcripts list a different ingredient combination from the selected lymphatic-product page, a meaningful congruence problem. High reuse of those transcripts is not clinical evidence or verified profit. Copying greater fear would not resolve Motilli's actual product-value question; a coherent, verifiable product-to-benefit connection is the transferable requirement.",https://trysculptique.com/products/lymph-cc-select-uni,2221,active,facebook_2143687879545464,32,https://medias.trendtrack.io/facebook/video/cb3859504751351b41ae5f70bf7f5078f319e298f3168dffed998cbe515e98cd.mp4,https://trysculptique.com/products/lymph-cc-select-uni,sculptique-established.json
PiPi Tea,pipi-tea,"Oolong, hibiscus and matcha teas","People seeking a daily drink connected to digestion, blood pressure or broader wellness goals","PiPi is not only the GLP-1 constipation tea studied previously. Current sampled destinations include hibiscus and kidney/blood-pressure narratives. Both oolong and hibiscus stories introduce an ordinary tea, describe disappointment with generic versions and then prescribe sourcing, whole-leaf/whole-flower and processing criteria that point to the brand. This gives a commodity ingredient a specific purchase identity. The daily drink also supplies taste, ritual and a reason for replenishment beyond emergency symptom relief. Claims of parasite removal or kidney restoration were not substantiated. The strongest strategic lesson is selling a product people may enjoy using repeatedly; the observed product range also prevents treating the brand's total activity as evidence for one constipation angle.",https://shop.pipitea.com/hbt/kd/sp-nm,586,active,facebook_1089546423758370,31,https://medias.trendtrack.io/facebook/image/f26aae55a4cab9bebb02f5a4774edb9bf36b9a4f0e868ba8df6ec1eff249809b.png,https://shop.pipitea.com/hbt/kd/sp-nm,pipi-tea-established.json
Resilia,resilia,"Oregano and black-seed softgels, plus a wider botanical lineup","People concerned about gut discomfort, puffiness, energy and perceived microbial imbalance","Resilia combines ingredient familiarity with a potency/formulation story. Scripts distinguish concentrated oregano from kitchen spice or weaker oils, then give black seed a complementary role. The mechanism is reused across different concerns and narratives; it is not evidence of a distinct clinically proven solution for each one. The current offer adds gift tiers, storage accessories and adjacent products, creating a richer purchase proposition than a capsule count alone. Parasite, weight-loss and cortisol claims substantially exceed what this commercial inspection established. Motilli has already copied a comparable multi-ingredient story. The missing comparison is whether Resilia's customers actually obtain greater value and repeat contribution, not whether its script has a device Motilli has never used.",https://resilia.shop/products/resilia-oil-of-oregano-softgels,7728,active,facebook_1265961302220521,30,https://medias.trendtrack.io/facebook/video/9fc0924aa35cd1a56272afd92153e662b8e4b718bdb5260c78dac7365418263f.mp4,https://resilia.shop/products/resilia-oil-of-oregano-softgels,resilia-established.json
Nuora,nuora,Gut Ritual and feminine-support supplements,"Women concerned about bloating, body changes, vaginal discomfort or recurring intimate-health concerns","Nuora sells distinct products and routes for distinct concerns. Its ingredient-role videos turn a formula into a sequence of proposed jobs, while other ads sell a promotion or an everyday body outcome. The inspected Gut Ritual offer displays $49/$59/$69 for increasing supply lengths, strongly encouraging a larger initial commitment. This is evidence of offer design, not actual AOV. Motilli's own native already contains an ingredient-role sequence, so that structure alone cannot explain divergent results. Nuora's broader range, different customer situations and possible repeat occasions deserve comparison. Biofilm, tissue-restoration and metabolic claims were not established by the advertising sample. Nuora and Nivara are separate tracked brands and should not be conflated.",https://mynuora.com/products/gut-ritual-b,1196,active,facebook_2686483965077251,354,https://medias.trendtrack.io/facebook/image/0e8430fb1e2477aa8e7beb2c0fab0191061c3927323ae649c55f35fb8b424dde.jpg,https://tophealthinsider.com/adv-1,nuora-established.json
Nivara Official,nivara-official,FerraVital ferritin-support capsules,Women who connect hair shedding and fatigue to low or unsatisfactory ferritin results,"FerraVital gives the buyer a numerical reference point and a familiar ingredient category: iron. The scripts then differentiate the iron form, cofactors and storage story, connecting the formula to a result the buyer expects to evaluate over time. This makes the proposed buying task more concrete than general digestive wellness. It does not validate a universal ferritin threshold, comparative absorption percentage, or the claim that this formula is uniquely complete. The current page's extended use recommendation also explains a longer supply purchase within its sales story. A useful Motilli comparison is outcome specificity and a credible way to evaluate the experience. Its published long shipping estimate contradicts any blanket claim that every tracked competitor wins through faster delivery.",https://nivara-shop.com/products/ferravital-ferritin-support,825,active,facebook_2678217209243821,228,https://medias.trendtrack.io/facebook/video/940e662d08fa2c7e952eb71fdb97ba96fe2aa69fb7c74b80e65a24b35fe9c009.mp4,https://try.nivara-shop.com/listicle,nivara-official-established.json
Lanural,lanural,Current Regularity Reset; historical black-garlic advertising,"People dissatisfied with hard stool, incomplete emptying and a repeated laxative routine","This entry materially changes the earlier competitor picture. Historical transcripts sell fermented black garlic through a biofilm explanation, but current home, product and advertorial pages sell magnesium, kiwi and triphala through a stool-moisture and lining explanation. The inspection cannot establish the date or commercial success of that product transition. It does show why copying an old high-reuse mechanism without checking the current destination is unreliable. Current copy focuses on complete, comfortable regularity and gives each ingredient a separate role. The transferable insight is that a business may alter its actual product and promise, not merely its video format. Neither historical nor current claims establish superiority to Motilli.",https://lanural.co/products/regularity-reset,365,active,facebook_28540742335555645,1,https://medias.trendtrack.io/facebook/image/b41cccf40b1e23932d82bf43066c672c2ee01997a850dd6764e876f1b0c522fd.png,https://secure.lanural.com/constipation-discovery,lanural-ads.json
Elvera,elvera,Elderberry capsules,People with persistent constipation and dissatisfaction with repeated remedies,"Elvera's recurring sales argument is that an inadequate bacterial signal explains why familiar interventions have not produced lasting regularity. It then converts elderberry into a specific extract-selection task and promises a return to an ordinary routine. This is commercially intelligible even though the prior study review did not establish the advertised finished-product effects. Different current surfaces also show inconsistent guarantee lengths, including a longer guarantee on the inspected advertorial. Motilli's historic copy already attempts an analogous signal/ingredient bridge. The evidence does not support claiming that Elvera succeeds because elderberry is intrinsically more effective or because it discovered a copy structure absent from Motilli. Actual retention and profit remain unknown.",https://tryelvera.com/pages/real-constipation-solution,383,active,facebook_1068824812464590,32,https://medias.trendtrack.io/facebook/video/fd11180d6dfb687d3a23a722b1adc9764c3ed0dbc7b35234565d5f847fa41330.mp4,https://tryelvera.com/,elvera-established.json
Neural Health Report,neural-health-report,Mixed tracker: Sanlava metabolic supplements and Sakureva topical foot care,Multiple unrelated health and personal-care audiences,"This is not a clean additional supplement business. Its observed destinations overlap Sanlava, while its available transcripts include a topical heel stick. The latter were excluded from supplement-mechanism conclusions. The metabolic ads offer a broader explanation for energy, cravings and body changes and lead to Sanlava's blood-sugar proposition. The portfolio comparison must therefore retain the entry for completeness without counting it as an independent proof that another supplement brand scaled. Its mixed history illustrates how page names, domain associations and tracker totals can exaggerate the apparent number of comparable businesses. It supplies positioning evidence, not a separate set of verified economics.",https://www.sanlava.com/pages/metabolic-switch,0,inactive,facebook_1499479694900651,32,https://medias.trendtrack.io/facebook/video/656de7a5fd249040b1ffbad39d2f792df70d815f5d4a4422b258540ce570967c.mp4,https://www.sanlava.com/pages/metabolic-switch,neural-health-report-established.json
avaRoot,avaroot,"Urinary-support formulas, including a current cranberry-gummy offer",Women frustrated by recurring urinary problems and repeat treatment routines,"The argument distinguishes recurrence prevention and a protective environment from dealing with the current episode. Cranberry standardization and selected microbes are used to make the product choice sound specific. The current gummy offer is another counterexample to a blanket claim that serious concerns cannot be marketed with gummies. However, ingredient descriptions differ across sampled transcripts, long copy and current surfaces; the ad's precise dose and strain claims must not be assumed to describe every SKU. The tracker inventory reports no active ads while historical/all-page results remain available, so this is not a verified current scaling case. Neither recurrence prevention nor comparative efficacy is established by the marketing materials.",https://avaroot.com/products/cranberry-uti-formula,0,inactive,facebook_1324311699620114,35,https://medias.trendtrack.io/facebook/image/f53e5f78d26c357e8bcf12e1d8a46e3d4fd3d0008699fd275ff9af4eac21558f.jpg,https://avaroot.com/,avaroot-established.json
jevawell,jevawell,Kombucha probiotic gummies,People with chronic constipation or GLP-1 digestive concerns,"The selected long native uses a family history, extensive failed-remedy narrative and a claimed overlooked cause to introduce a concentrated kombucha formula. It explicitly confronts disbelief that a gummy could address the problem, then uses complementary ingredient roles and a gradual outcome story to make the purchase plausible. This is very close in structure to Motilli's strongest native, not evidence that Motilli lacks sufficient storytelling sophistication. The sampled creative is old enough to study but has weak or absent reported reach; it cannot certify current profitable deployment. The public product page was accessible through web retrieval after direct-fetch problems. Its medical narratives and testimonials were not authenticated.",https://jevawell.com/products/kgcc1,187,active,facebook_1017703707284373,72,https://medias.trendtrack.io/facebook/image/0416b42697c8fec3274319def076971379b89a5b66b165201adfd42be4312726.jpg,http://jevawell.com/products/kgcc,jevawell-established.json
NT.CO,nt-co,Oregano drops and pumpkin-seed-oil bladder products,People dissatisfied with gut urgency or bladder leakage and symptom-management routines,"Nutrition Therapy uses a wrongly-addressed-problem explanation, then differentiates a liquid delivery format and ingredient quality. The oregano story argues that a previous diagnostic label obscured the cause; the pumpkin-seed page applies a different product to bladder concerns. This is a product portfolio rather than a single constipation formula. The exact liquid-versus-capsule superiority and diagnostic claims were not validated. Its commercial lesson is a clear functional job for the format and distinct product routes for distinct concerns. That does not mean Motilli can gain the same advantage simply by announcing that gummies absorb better. The format argument has to correspond to the finished product and a relevant, substantiated customer improvement.",https://nutritiontherapy.co/products/oil-of-oregano,1239,active,facebook_2496269970881279,65,https://medias.trendtrack.io/facebook/video/ca78c6e8acbfe1adef62bc9e77fdb6d67e387f46ab43316cd47253f6dc42ec15.mp4,https://nutritiontherapy.co/products/oil-of-oregano,nt-co-established.json
Sanlava,sanlava,Turmeric/ginger/black-pepper and berberine products,People worried about urinary/kidney symptoms or metabolic health,"Sanlava's turmeric story creates a detailed quality checklist around extract purity, processing and absorption. It converts a familiar kitchen ingredient into a proposed specialist purchase. Separate metabolic products broaden the business's possible acquisition paths. The inspected materials do not establish the claims that the product restores kidney function, that ordinary turmeric inevitably harms the intended buyer, or that a quoted absorption result transfers to the advertised outcome. Some guarantee text conflicts. The tracked inventory's inactivity and low delivery coverage mean this is not reliable evidence of a currently profitable competitor. The useful lesson is specificity of a product-selection argument, tempered by the need to verify every attribute and its actual relevance.",https://www.sanlava.com/pages/urinary-warning-signs,0,inactive,facebook_1589939552032073,78,https://medias.trendtrack.io/facebook/video/c6e30a3ecb591fc04a2015552c7c8d18e175190cea816632346d1c435e6074e0.mp4,https://www.sanlava.com/pages/urinary-warning-signs,sanlava-established.json
Zylara,zylara,Vitarosa sublingual B-complex drops,People with diabetes who are concerned about nerve symptoms and medication-related nutrient depletion,"The selected narrative connects a named medication, a recognizable nutrient issue and a delivery/formulation checklist. It differentiates active nutrient forms and the absence of B6, rather than offering undifferentiated nerve support. A genuine biological association can make an argument initially plausible without validating its later leaps: the ad does not prove that every neuropathy case has that cause, that ordinary oral B12 cannot work, or that the product reverses disability. The current product is branded Vitarosa although the tracker is Zylara. For Motilli, the relevant comparison is a concrete customer situation and a formulation attribute tied to it; this is not a recommendation to enter neuropathy or copy the medical claims.",https://tryvitarosa.com/products/sublingual-b-complex-drops,74,active,facebook_1204702492734334,30,https://medias.trendtrack.io/facebook/image/27670ea23da7cfa9cd8419abf7f7ca5ed04d36168e1f3edc605b03d1aa8b267c.webp,https://tryvitarosa.com/products/sublingual-b-complex-drops,zylara-established.json
Alevia,alevia,"Auniva, formerly Alevia: pomegranate and amla capsules","People worried about metabolic health, cardiovascular concerns and loss of everyday independence","The selected pomegranate native is a long personal story, then distinguishes a standardized extract from juice and generic powder. Current Auniva pages explicitly identify the Alevia rebrand. Multiple product routes and sharply different concerns sit under this business, so its aggregate ad activity cannot be assigned to a single ingredient or mechanism. The inspected amla offer also includes larger bundles and optional refills. Long copy, familiar fruit ingredients and a late product reveal are all present; none is inherently incompatible with paid acquisition. Motilli's next step should compare net customer value and actual response, not assume that Alevia's prose length or fruit-based mechanism is the missing tactic.",https://auniva.co/products/pomegranate-47,1465,active,facebook_2328747984323342,39,https://medias.trendtrack.io/facebook/image/8efc087f4a28cd3fb7932196e4c2d871041e6038f6b21e93603137cf1e3af9a2.jpg,https://alevia.com/products/pomegranate-47,alevia-established.json
The Blood Pressure Journal,the-blood-pressure-journal,Alevia/Auniva amla and pomegranate advertising,"People dissatisfied with blood-pressure symptoms, medication experiences or repeated monitoring","This tracked page overlaps the Alevia/Auniva business and is not an independent brand-level success observation. The amla story gives a proposed vessel-wall explanation for persistent concerns, claims familiar alternatives miss that task and sets an extract-quality checklist. The inspected current amla page reinforces that argument through a multi-month supply and guarantee. Another amla route emphasizes mitochondrial and nerve/joint concerns, showing that the same ingredient is advertised through different purchase stories. Those stories are not validated clinical indications. The stronger comparison is how the product, audience, page and supply offer connect within a route. Motilli must assess that whole route while measuring the customer's actual benefit and contribution.",https://auniva.co/products/amla-74,701,active,facebook_1018845400732206,66,https://medias.trendtrack.io/facebook/image/3167b424310b0a3f46c1db25ce70654af8839d7782525dd3553d2fbd6ab9c6d0.jpg,https://alevia.com/products/amla-74,the-blood-pressure-journal-established.json
GLP-1 SOS Supplements,glp-1-sos-supplements,Medication-companion digestive capsules and adjacent products,GLP-1 users seeking digestive comfort while continuing treatment,"The formula story is immediately attached to the medication context. Longer material assigns magnesium and ginger complementary jobs; short current testimonials rely more on relevance and a reported return to regularity. The offer sells continuing the valued medication experience, not only an ingredient. However, Motilli's strongest native already includes that exact desired outcome and a three-part ingredient story. The remaining plausible differences include prior ingredient familiarity, finished-product experience, offer economics and retention; the advertising data do not isolate them. Broad claims that ordinary remedies cannot work on GLP-1s remain unsupported. Active counts and duplicated scripts provide deployment evidence, not proof of the advertised reorder rate or profitable scale.",https://glp1sos.com/products/glp1capsules,494,active,facebook_26669257439425433,118,https://medias.trendtrack.io/facebook/image/83253a5be9cbbf78aa29db16c07342e1aaec4b225ff388bb83d4af75dec6ad0a.jpg,https://glp1sos.com/pages/adv2,glp-1-sos-supplements-established.json
AuraVanna,auravanna,Mixed health-advertising tracker spanning multiple destination brands,"Different audiences for vision, balance, respiratory and other concerns across languages","The tracker is not accurately described by its primary listed domain, Bing. Actual ads lead to condition-specific destinations such as Zifanna and Vondrao; an available transcript promotes Esovera. The repeated structure names an overlooked process, explains why familiar remedies allegedly miss it and assigns the product's delivery method a direct job. The destinations span different products, countries and languages, making this a poor one-to-one benchmark for Motilli's US constipation gummy. Its breadth illustrates why a tracked page can appear highly active without representing a single scaled formula. The selected sales claims and endorsements were not authenticated, and no shared ownership or common financial performance across all destinations is inferred.",https://www.zifanna.com/UK/vision-loss,230,active,facebook_38099750479615920,35,https://medias.trendtrack.io/facebook/image/63cdcb199e72fde8cc1747dd9bb5c446401a337d16741adfbcbe47d39db88b48.png,https://www.zifanna.com/UK/vision-loss,auravanna-established.json
